,Symbol,Category,Name,Price,RiseFall,Change,ChangeRate,NAV,EarningRate,Volume,Amount,MarCap
0,459580,6,KODEX CD금리액티브(합성),1035570,2,215,0.02,1035574.0,0.8606,257457,266615,82253
1,357870,6,TIGER CD금리투자KIS(합성),54280,2,5,0.01,54280.0,0.8641,114250,6201,73375
2,069500,1,KODEX 200,37285,2,245,0.66,37309.0,5.6384,1897406,70819,64149
3,423160,6,KODEX KOFR금리액티브(합성),106725,2,30,0.03,106714.0,0.8411,897428,95778,52243
4,449170,6,TIGER KOFR금리액티브(합성),105265,2,30,0.03,105261.0,0.8577,33342,3509,36612
5,360750,4,TIGER 미국S&P500,17795,2,105,0.59,17783.0,7.1926,1067656,18977,33161
6,133690,4,TIGER 미국나스닥100,110570,2,430,0.39,110466.0,4.8213,83126,9178,31778
7,273130,6,KODEX 종합채권(AA-이상)액티브,109870,2,135,0.12,109862.0,0.5359,4082,448,28071
8,465680,6,KODEX 24-12 은행채(AA+이상)액티브,10280,5,-5,-0.05,10284.0,0.8827,40038,411,26173
9,381180,4,TIGER 미국필라델피아반도체나스닥,17280,5,-45,-0.26,17258.0,10.9652,566526,9779,23708
10,102110,1,TIGER 200,37350,2,265,0.71,37365.0,5.4809,662194,24772,23493
11,381170,4,TIGER 미국테크TOP10 INDXX,18375,2,75,0.41,18351.0,8.5731,636878,11689,21471
12,278530,1,KODEX 200TR,12965,2,80,0.62,12971.0,5.658,32857,426,21392
13,371460,4,TIGER 차이나전기차SOLACTIVE,8200,5,-100,-1.2,8195.0,17.8977,1472541,12172,20736
14,122630,3,KODEX 레버리지,19745,2,250,1.28,19931.0,8.8802,11799167,233763,20199
15,455890,6,KBSTAR 머니마켓액티브,52205,2,5,0.01,52203.0,1.0159,117404,6128,15978
16,252670,3,KODEX 200선물인버스2X,2015,5,-20,-0.98,2013.0,-10.5495,128042658,256495,14583
17,102780,2,KODEX 삼성그룹,9605,2,45,0.47,9624.0,5.414,407451,3922,12880
18,148020,1,KBSTAR 200,37520,2,205,0.55,37530.0,5.6483,118090,4439,12701
19,315930,2,KODEX Top5PlusTR,23025,2,290,1.28,23063.0,7.9791,3951,90,12664
20,470260,6,TIGER 24-12 금융채(AA-이상),51190,2,5,0.01,51192.0,0.9366,1359,69,12642
21,305540,2,TIGER 2차전지테마,23305,5,-75,-0.32,23322.0,-5.2368,148813,3477,12631
22,305720,2,KODEX 2차전지산업,19765,5,-35,-0.18,19767.0,-4.5508,441787,8763,12610
23,214980,6,KODEX 단기채권PLUS,110460,5,-5,0.0,110468.0,0.8582,3325,367,12092
24,292150,2,TIGER TOP10,12325,2,90,0.74,12339.0,5.5287,51394,633,11844
25,453850,6,ACE 미국30년국채액티브(H),8270,2,50,0.61,8268.0,-4.6736,969537,8023,11743
26,310970,1,TIGER MSCI Korea TR,15890,2,30,0.19,15908.0,5.9806,88,1,11298
27,385540,6,KBSTAR 종합채권(A-이상)액티브,101755,2,120,0.12,101745.0,0.4248,1401,142,11265
28,379800,4,KODEX 미국S&P500TR,16215,2,120,0.75,16204.0,7.1571,416335,6744,10856
29,233740,3,KODEX 코스닥150레버리지,11590,5,-95,-0.81,11641.0,18.5091,13104607,152592,10732
30,360200,4,ACE 미국S&P500,17990,2,115,0.64,17983.0,7.2092,202203,3634,9841
31,229200,1,KODEX 코스닥150,14160,5,-45,-0.32,14183.0,9.2104,2756993,39113,9261
32,458730,4,TIGER 미국배당다우존스,11560,2,100,0.87,11544.0,5.4957,471751,5448,8803
33,396500,2,TIGER Fn반도체TOP10,12905,5,-210,-1.6,12900.0,22.8226,1260073,16324,8433
34,447820,6,TIGER 24-10 회사채(A+이상)액티브,54895,2,15,0.03,54877.0,0.9658,20055,1100,8140
35,436140,6,SOL 종합채권(AA-이상)액티브,106345,2,145,0.14,106343.0,0.4207,2,0,8091
36,379810,4,KODEX 미국나스닥100TR,16510,2,65,0.4,16508.0,4.8119,327871,5408,7875
37,367380,4,ACE 미국나스닥100,19000,2,70,0.37,18987.0,4.8114,122731,2329,7809
38,139260,2,TIGER 200 IT,34380,2,410,1.21,34421.0,8.0883,24230,831,7625
39,157450,6,TIGER 단기통안채,106880,2,5,0.0,106883.0,0.7684,3279,350,7543
40,153130,6,KODEX 단기채권,109550,2,10,0.01,109545.0,0.7774,7700,843,7243
41,091160,2,KODEX 반도체,40955,5,-500,-1.21,40933.0,17.4895,311068,12790,7208
42,294400,1,KOSEF 200TR,47145,2,295,0.63,47170.0,5.4705,17840,841,6977
43,356540,6,ACE 종합채권(AA-이상)KIS액티브,100360,2,145,0.14,100308.0,0.3605,394,39,6848
44,453540,6,TIGER 25-10 회사채(A+이상)액티브,52685,5,-5,-0.01,52672.0,1.0451,60689,3197,6831
45,462010,2,TIGER 2차전지소재Fn,7035,5,-5,-0.07,7041.0,-9.5,422456,2982,6743
46,152100,1,ARIRANG 200,37835,2,220,0.58,37845.0,5.6037,65110,2462,6697
47,458760,4,TIGER 미국배당+7%프리미엄다우존스,10385,2,45,0.44,10334.0,4.9426,921257,9555,6397
48,272580,6,TIGER 단기채권액티브,53830,2,10,0.02,53818.0,0.8526,4100,220,6352
49,371160,4,TIGER 차이나항셍테크,5995,2,20,0.33,5976.0,29.329,1324099,7930,6259
50,475630,7,TIGER 1년은행양도성예금증서액티브(합성),1010185,2,105,0.01,1010183.0,0.8854,65861,66531,6252
51,091180,2,KODEX 자동차,20525,2,145,0.71,20545.0,-0.9478,188757,3859,6116
52,114800,3,KODEX 인버스,4125,5,-35,-0.84,4130.0,-4.3679,18648465,76842,5973
53,329750,6,TIGER 미국달러단기채권액티브,12115,5,-20,-0.16,12132.0,4.0737,26852,325,5710
54,196230,6,KBSTAR 단기통안채,111500,2,20,0.02,111502.0,0.7637,20320,2265,5354
55,446720,4,SOL 미국배당다우존스,10610,2,100,0.95,10588.0,5.7025,242157,2565,5316
56,314250,4,KODEX 미국빅테크10(H),36640,2,35,0.1,36645.0,3.2144,26604,975,5254
57,293180,1,HANARO 200,37335,2,215,0.58,37409.0,5.4905,2964,110,5208
58,148070,6,KOSEF 국고채10년,111000,2,375,0.34,110908.0,-0.4231,2822,313,4917
59,469830,6,SOL 초단기채권액티브,51185,2,10,0.02,51183.0,1.0165,93179,4769,4770
60,105190,1,ACE 200,37535,2,240,0.64,37553.0,5.517,6768,254,4711
61,368590,4,KBSTAR 미국나스닥100,18385,2,70,0.38,18373.0,4.8008,103403,1899,4688
62,451540,6,TIGER 종합채권(AA-이상)액티브,52505,2,80,0.15,52489.0,0.3541,2013,105,4634
63,329200,2,TIGER 리츠부동산인프라,4550,2,15,0.33,4546.0,6.4803,973331,4446,4427
64,385560,6,KBSTAR KIS국고채30년Enhanced,69705,2,240,0.35,69571.0,-1.5979,32383,2255,4315
65,365780,6,ACE 국고채10년,87195,2,220,0.25,87158.0,-0.3951,1419,123,4277
66,278540,1,KODEX MSCI Korea TR,12670,2,50,0.4,12672.0,5.7394,203,2,4206
67,481050,6,KODEX 1년은행양도성예금증서+액티브(합성),1002700,2,295,0.03,1002701.0,,23714,23778,3973
68,476810,6,KODEX 25-11 은행채(AA-이상)PLUS액티브,10080,3,0,0.0,10086.0,,26,0,3920
69,458250,6,TIGER 미국30년국채스트립액티브(합성 H),42065,2,395,0.95,41934.0,-7.7486,160576,6763,3900
70,091170,2,KODEX 은행,8165,2,185,2.32,8185.0,6.5136,865372,7073,3882
71,114260,6,KODEX 국고채3년,59490,2,25,0.04,59514.0,0.2951,1253,74,3832
72,455850,2,SOL AI반도체소부장,15870,5,-450,-2.76,15856.0,22.679,837675,13375,3801
73,379780,4,KBSTAR 미국S&P500,15560,2,95,0.61,15550.0,7.2989,96960,1507,3750
74,461460,6,ARIRANG 국고채10년액티브,51860,2,145,0.28,51823.0,-0.4045,277,14,3736
75,251340,3,KODEX 코스닥150선물인버스,3445,2,15,0.44,3462.0,-9.4987,15132982,52014,3696
76,390390,4,KODEX 미국반도체MV,20660,5,-45,-0.22,20649.0,14.9702,362486,7487,3688
77,476450,6,히어로즈 머니마켓액티브,50460,2,15,0.03,50458.0,,41069,2072,3682
78,226490,1,KODEX 코스피,27690,2,135,0.49,27734.0,4.4185,22364,621,3641
79,441680,7,TIGER 미국나스닥100커버드콜(합성),10395,3,0,0.0,10422.0,4.336,327696,3405,3623
80,455030,6,KODEX 미국달러SOFR금리액티브(합성),11145,5,-15,-0.13,11159.0,4.7887,103627,1152,3471
81,364980,2,TIGER 2차전지TOP10,12840,5,-90,-0.7,12853.0,-2.5549,447664,5786,3454
82,446770,4,ACE 글로벌반도체TOP4 Plus SOLACTIVE,22210,5,-150,-0.67,22215.0,14.1398,60376,1343,3431
83,251350,4,KODEX 선진국MSCI World,26955,2,235,0.88,26931.0,7.1113,17314,467,3383
84,273140,6,KODEX 단기변동금리부채권액티브,110530,2,10,0.01,110546.0,0.8486,39,4,3346
85,479080,6,1Q 머니마켓액티브,50265,2,10,0.02,50264.0,,10334,519,3317
86,394660,4,TIGER 글로벌자율주행&전기차SOLACTIVE,11045,2,105,0.96,11103.0,6.6796,54196,597,3314
87,453810,4,KODEX 인도Nifty50,12565,5,-60,-0.48,12581.0,3.9009,476938,5976,3261
88,476550,6,TIGER 미국30년국채프리미엄액티브(H),9455,2,45,0.48,9443.0,,518166,4901,3238
89,466940,2,TIGER 은행고배당플러스TOP10,13295,2,295,2.27,13319.0,9.0329,2925623,38971,3224
90,302190,6,TIGER 중장기국채,49980,2,35,0.07,49984.0,-0.0701,2095,104,3189
91,467940,6,KODEX 25-11 회사채(A+이상)액티브,10435,2,10,0.1,10428.0,1.0174,5983,62,3182
92,304660,6,KODEX 미국30년국채울트라선물(H),7765,2,30,0.39,7769.0,-4.3882,77276,600,3176
93,069660,1,KOSEF 200,37230,2,250,0.68,37247.0,5.639,53845,2005,3165
94,453870,4,TIGER 인도니프티50,12285,5,-45,-0.36,12287.0,3.5612,435309,5334,3151
95,402970,4,ACE 미국배당다우존스,11710,2,110,0.95,11689.0,5.6562,103371,1209,3150
96,394670,4,TIGER 글로벌리튬&2차전지SOLACTIVE(합성),6955,5,-40,-0.57,6981.0,13.0048,50565,354,3146
97,477080,6,KBSTAR CD금리액티브(합성),100490,2,10,0.01,100448.0,,2818,283,3115
98,161510,2,ARIRANG 고배당주,13890,2,220,1.61,13910.0,3.4822,316743,4394,2896
99,388420,2,KBSTAR 비메모리반도체액티브,13950,5,-240,-1.69,13948.0,22.0015,510888,7148,2857
100,439860,6,KODEX ESG종합채권(A-이상)액티브,109130,2,20,0.02,109115.0,1.0277,17,1,2794
101,439870,6,KODEX 국고채30년액티브,104300,2,415,0.4,104291.0,-1.1514,1283,133,2787
102,143860,2,TIGER 헬스케어,33825,2,40,0.12,33885.0,12.8385,21596,731,2747
103,472870,6,KBSTAR 미국30년국채엔화노출(합성 H),8620,2,65,0.76,8627.0,-7.5435,299975,2586,2728
104,456610,6,TIGER 미국달러SOFR금리액티브(합성),53840,5,-30,-0.06,53845.0,4.2678,9879,531,2716
105,474220,4,TIGER 미국테크TOP10+10%프리미엄,11385,3,0,0.0,11386.0,9.3765,1231377,14009,2641
106,245710,4,ACE 베트남VN30(합성),19435,5,-90,-0.46,19596.0,3.9669,25773,503,2585
107,091230,2,TIGER 반도체,42440,5,-775,-1.79,42408.0,18.0125,150283,6414,2546
108,457480,4,ACE 테슬라밸류체인액티브,9905,5,-175,-1.74,9889.0,2.2831,431178,4284,2521
109,241180,4,TIGER 일본니케이225,20370,2,90,0.44,20363.0,2.5537,31419,643,2436
110,290130,2,KBSTAR ESG사회책임투자,12580,2,130,1.04,12627.0,5.8043,15215,191,2434
111,471990,2,KODEX AI반도체핵심장비,13615,5,-455,-3.23,13617.0,32.0878,1834636,25195,2430
112,448880,6,ACE 24-12 회사채(AA-이상)액티브,104245,2,5,0.0,104249.0,1.0028,16124,1680,2382
113,449180,4,KODEX 미국S&P500(H),12285,2,85,0.7,12277.0,3.4687,129210,1587,2371
114,451000,6,ARIRANG 종합채권(AA-이상)액티브,106950,2,160,0.15,106897.0,0.4467,14,1,2357
115,367770,2,KBSTAR Fn수소경제테마,9310,2,45,0.49,9344.0,2.8301,25052,232,2341
116,361580,1,KBSTAR 200TR,20430,2,140,0.69,20430.0,5.5945,723683,14764,2329
117,465580,4,ACE 미국빅테크TOP7 Plus,13420,2,40,0.3,13388.0,10.9912,175571,2353,2268
118,192090,4,TIGER 차이나CSI300,9085,2,10,0.11,9079.0,10.3343,35833,325,2235
119,448290,4,TIGER 미국S&P500TR(H),12640,2,90,0.72,12633.0,3.5478,77370,977,2187
120,451600,6,ARIRANG 국고채30년액티브,100225,2,100,0.1,100056.0,-0.8173,44,4,2184
121,456600,4,TIMEFOLIO 글로벌AI인공지능액티브,18910,2,35,0.19,18944.0,15.0213,53520,1011,2175
122,422420,2,KBSTAR 2차전지액티브,9860,5,-105,-1.05,9882.0,-2.0639,26885,266,2130
123,295040,1,SOL 200TR,13485,2,90,0.67,13498.0,5.7221,13692,184,2124
124,200250,4,KOSEF 인도Nifty50(합성),23180,5,-110,-0.47,23117.0,4.0428,86250,1991,2121
125,411060,5,ACE KRX금현물,14780,2,170,1.16,14747.0,17.4909,119529,1763,2099
126,423920,4,TIGER 미국필라델피아반도체레버리지(합성),22410,5,-105,-0.47,22390.0,19.0954,51629,1155,2039
127,372330,4,KODEX 차이나항셍테크,5975,5,-5,-0.08,5977.0,29.1576,352572,2107,2034
128,455860,2,SOL 2차전지소부장Fn,6730,2,5,0.07,6737.0,-10.6788,121464,819,1985
129,473290,6,KODEX 26-12 회사채(AA-이상)액티브,10240,5,-5,-0.05,10241.0,1.2852,2148,21,1958
130,464540,6,KBSTAR 25-03 회사채(AA-이상)액티브,50915,3,0,0.0,50914.0,0.9277,113,5,1911
131,143850,4,TIGER 미국S&P500선물(H),57860,2,415,0.72,57874.0,2.7546,3551,205,1895
132,332940,1,HANARO MSCI Korea TR,15880,2,135,0.86,15888.0,5.8843,76,1,1890
133,409820,4,KODEX 미국나스닥100레버리지(합성 H),9545,2,105,1.11,9539.0,1.0165,90672,864,1885
134,471230,6,KODEX 국고채10년액티브,105210,2,235,0.22,105181.0,-0.3465,5247,552,1880
135,328370,1,ARIRANG 코스피TR,14735,2,75,0.51,14730.0,3.7508,90,1,1871
136,272560,6,KBSTAR 단기국공채액티브,108875,2,5,0.0,108877.0,0.7728,241,26,1848
137,469820,6,SOL 24-12 회사채(AA-이상)액티브,51360,3,0,0.0,51364.0,1.0128,37,1,1814
138,395270,2,HANARO Fn K-반도체,11755,5,-80,-0.68,11757.0,17.213,119908,1416,1804
139,462330,2,KODEX 2차전지산업레버리지,3720,5,-15,-0.4,3733.0,-11.388,1417075,5293,1789
140,449190,4,KODEX 미국나스닥100(H),14425,2,65,0.45,14418.0,1.02,66740,962,1774
141,463290,6,1Q 단기금융채액티브,103455,3,0,0.0,103463.0,0.9563,26793,2771,1717
142,445290,2,KODEX K-로봇액티브,14185,2,85,0.6,14203.0,-1.9199,83702,1193,1688
143,477050,6,ARIRANG 머니마켓액티브,50270,2,5,0.01,50275.0,,3502,176,1680
144,464230,6,히어로즈 24-09 회사채(AA-이상)액티브,51280,2,15,0.03,51276.0,0.9034,13355,684,1651
145,326240,2,KBSTAR IT플러스,18695,5,-65,-0.35,18750.0,5.8332,899,16,1645
146,364960,2,TIGER BBIG,6305,2,85,1.37,6311.0,0.5658,75278,476,1639
147,452360,4,SOL 미국배당다우존스(H),10925,2,95,0.88,10917.0,1.8718,55769,608,1628
148,466920,2,SOL 조선TOP3플러스,10725,5,-105,-0.97,10728.0,22.65,521727,5631,1619
149,132030,5,KODEX 골드선물(H),14660,2,240,1.66,14673.0,12.7884,36161,529,1583
150,451060,1,1Q K200액티브,11820,2,75,0.64,11836.0,5.2419,2194,25,1578
151,329650,7,KODEX TRF3070,12465,2,25,0.2,12453.0,3.4081,15714,195,1571
152,363570,6,KODEX 장기종합채권(AA-이상)액티브KAP,92080,2,60,0.07,92176.0,0.0,2,0,1557
153,438330,6,TIGER 투자등급회사채액티브,109805,2,55,0.05,109826.0,1.1893,3682,404,1553
154,473330,6,SOL 미국30년국채커버드콜(합성),9855,2,50,0.51,9847.0,0.051,226436,2229,1532
155,325020,2,KODEX 배당가치,14305,2,155,1.1,14330.0,2.4174,4282,61,1502
156,461950,2,KODEX 2차전지핵심소재10 Fn,7270,5,-5,-0.07,7284.0,-11.3778,232980,1697,1476
157,451530,6,TIGER 국고채30년스트립액티브,49085,2,180,0.37,49131.0,-1.7084,12804,628,1461
158,476070,4,KODEX 글로벌비만치료제TOP2 Plus,12065,2,40,0.33,12075.0,,251653,3036,1442
159,401470,2,KODEX K-메타버스액티브,7425,2,125,1.71,7440.0,2.8169,80519,598,1437
160,244580,2,KODEX 바이오,8150,5,-30,-0.37,8183.0,12.9366,173114,1415,1434
161,448300,4,TIGER 미국나스닥100TR(H),14800,2,65,0.44,14794.0,1.0977,77866,1152,1421
162,219480,4,KODEX 미국S&P500선물(H),23960,2,180,0.76,23972.0,2.9883,9931,237,1414
163,292560,7,TIGER 일본엔선물,8405,2,5,0.06,8406.0,-1.9837,80840,679,1387
164,261260,7,KODEX 미국달러선물인버스2X,5995,2,10,0.17,6001.0,-6.8483,518856,3112,1386
165,190620,6,ACE 단기통안채,101555,2,5,0.0,101556.0,0.809,6812,691,1384
166,228790,2,TIGER 화장품,3085,2,155,5.29,3094.0,23.5244,4215385,12845,1367
167,475080,7,KODEX 테슬라인컴프리미엄채권혼합액티브,9450,2,10,0.11,9424.0,0.4896,328652,3104,1361
168,471760,2,TIGER AI반도체핵심공정,12830,5,-410,-3.1,12828.0,29.7021,955517,12373,1360
169,462900,2,KoAct 바이오헬스케어액티브,11320,2,15,0.13,11334.0,20.4068,61144,695,1336
170,300640,2,KBSTAR 게임테마,9390,2,360,3.99,9415.0,-0.6492,3980803,37607,1329
171,275980,4,TIGER 글로벌4차산업혁신기술(합성 H),16385,2,80,0.49,16475.0,-1.5696,4564,74,1311
172,461270,6,ACE 26-06 회사채(AA-이상)액티브,10545,2,5,0.05,10541.0,1.2974,26049,274,1298
173,150460,2,TIGER 중국소비테마,6580,2,40,0.61,6640.0,10.585,46023,302,1287
174,412770,4,TIGER 글로벌메타버스액티브,9320,5,-30,-0.32,9359.0,5.2335,11384,106,1269
175,395290,2,HANARO Fn K-POP&미디어,7575,2,110,1.47,7577.0,-2.7109,52746,396,1269
176,448600,6,KBSTAR 25-11 회사채(AA-이상)액티브,52835,3,0,0.0,52838.0,1.0074,4841,255,1264
177,449450,2,ARIRANG K방산Fn,15775,2,15,0.1,15788.0,30.4419,588337,9352,1262
178,228800,2,TIGER 여행레저,3515,2,35,1.01,3517.0,-1.7782,217030,761,1253
179,305080,6,TIGER 미국채10년선물,11815,2,20,0.17,11820.0,1.1144,34174,403,1252
180,473440,6,ACE 11월만기자동연장회사채AA-이상액티브,10230,3,0,0.0,10228.0,0.9871,5222,53,1248
181,453010,7,ARIRANG KOFR금리,104125,2,15,0.01,104121.0,0.8524,28303,2947,1238
182,304940,4,KODEX 미국나스닥100선물(H),21485,2,95,0.44,21471.0,0.6588,10623,228,1235
183,401170,2,KBSTAR iSelect메타버스,6355,2,65,1.03,6362.0,0.963,149810,954,1223
184,464930,4,TIGER 글로벌혁신블루칩TOP10,12770,2,55,0.43,12740.0,13.7298,17057,217,1220
185,465350,3,KBSTAR 2차전지TOP10인버스(합성),25595,2,55,0.22,25822.0,5.7995,284474,7252,1216
186,332930,1,HANARO 200TR,47225,2,300,0.64,47238.0,5.5443,52,2,1204
187,182480,7,TIGER 미국MSCI리츠(합성 H),11850,2,205,1.76,11892.0,-1.4389,37537,444,1203
188,364970,2,TIGER 바이오TOP10,6600,2,75,1.15,6608.0,3.8186,176871,1170,1201
189,462540,6,SOL 25-09 회사채(AA-이상)액티브,52075,2,30,0.06,52089.0,1.0582,3,0,1200
190,472150,2,TIGER 배당프리미엄액티브,11155,2,55,0.5,11187.0,6.5054,16720,186,1194
191,476850,1,KoAct 배당성장액티브,10110,2,150,1.51,10115.0,,42234,426,1193
192,454780,6,히어로즈 종합채권(AA-이상)액티브,104060,2,155,0.15,103986.0,0.2944,3,0,1190
193,385550,6,KBSTAR 단기종합채권(AA-이상)액티브,108255,2,15,0.01,108254.0,0.8948,475,51,1183
194,466400,6,1Q 25-08 회사채(A+이상)액티브,104215,2,15,0.01,104211.0,1.0473,76,7,1182
195,278620,6,ARIRANG 단기채권액티브,112885,5,-30,-0.03,112925.0,0.8845,4,0,1180
196,447770,7,TIGER 테슬라채권혼합Fn,10390,5,-30,-0.29,10372.0,-0.62,62682,651,1174
197,466950,4,TIGER 글로벌AI액티브,13455,2,10,0.07,13472.0,9.0429,20268,272,1168
198,363580,2,KODEX 200IT TR,13295,2,90,0.68,13340.0,8.7726,4507,59,1157
199,463050,2,TIMEFOLIO K바이오액티브,9500,2,25,0.26,9494.0,19.5583,122739,1167,1150
200,400970,2,TIGER Fn메타버스,6965,2,155,2.28,6976.0,-0.2637,160361,1116,1139
201,213610,2,KODEX 삼성그룹밸류,9210,2,20,0.22,9241.0,6.3042,12584,116,1133
202,168580,4,ACE 중국본토CSI300,24470,5,-10,-0.04,24623.0,11.3233,3011,73,1131
203,419890,6,히어로즈 단기채권ESG액티브,106805,2,40,0.04,106798.0,0.8882,42,4,1121
204,456880,7,ACE 미국달러SOFR금리(합성),10905,5,-10,-0.09,10907.0,4.4997,24406,266,1121
205,414780,4,TIGER 차이나과창판STAR50(합성),5830,5,-90,-1.52,5923.0,6.8592,13212,77,1116
206,302450,1,KBSTAR 코스피,28230,2,170,0.61,28276.0,4.5883,22,0,1115
207,458210,7,히어로즈 CD금리액티브(합성),103515,2,20,0.02,103475.0,0.833,72,7,1115
208,470320,6,BNK 24-11 회사채(AA-이상)액티브,51380,5,-5,-0.01,51390.0,0.9627,22,1,1096
209,130730,6,KOSEF 단기자금,102705,2,10,0.01,102713.0,0.8395,702,72,1092
210,278240,3,KBSTAR 코스닥150선물레버리지,12925,5,-130,-1.0,12941.0,20.0459,8076,105,1086
211,472920,6,HK 종합채권(AA-이상)액티브,103060,3,0,0.0,103136.0,0.3554,0,0,1084
212,232080,1,TIGER 코스닥150,14570,5,-70,-0.48,14591.0,9.5152,201340,2939,1078
213,448540,7,ACE 엔비디아채권혼합블룸버그,18425,5,-70,-0.38,18433.0,8.8261,47090,867,1069
214,468820,6,WOORI 25-09 회사채(AA-이상)액티브,52400,2,5,0.01,52403.0,1.1877,514,26,1056
215,480260,6,TIGER 27-04회사채(A+이상)액티브,50095,2,50,0.1,50092.0,,58650,2938,1052
216,277630,1,TIGER 코스피,28205,2,170,0.61,28212.0,4.4406,2321,65,1044
217,157490,2,TIGER 소프트웨어,8415,2,105,1.26,8421.0,-8.2579,76528,647,1035
218,270810,1,KBSTAR 코스닥150,14060,5,-85,-0.6,14088.0,9.2193,19159,271,1018
219,282000,3,KBSTAR 국고채3년선물인버스,109130,2,20,0.02,109127.0,1.3374,2,0,1008
220,474590,2,WOORI 반도체밸류체인액티브,11590,5,-185,-1.57,11604.0,17.3393,1153,13,1008
221,309230,4,ACE 미국WideMoat가치주,24545,2,190,0.78,24479.0,6.0526,11749,288,987
222,204480,4,TIGER 차이나CSI300레버리지(합성),15780,5,-50,-0.32,16098.0,24.9901,27737,439,969
223,245340,4,TIGER 미국다우존스30,26590,2,265,1.01,26598.0,4.1419,36868,978,957
224,283580,4,KODEX 차이나CSI300,11155,2,10,0.09,11092.0,12.2356,18727,209,926
225,325010,2,KODEX Fn성장,15370,2,40,0.26,15389.0,7.7755,183,2,922
226,469050,4,KBSTAR 미국반도체NYSE(H),14110,2,10,0.07,14062.0,7.7487,4165,58,917
227,438570,6,SOL 국고채10년,103965,2,310,0.3,103961.0,-0.5469,22,2,909
228,472160,4,TIGER 미국테크TOP10 INDXX(H),11950,2,35,0.29,11934.0,4.9779,47485,567,890
229,458260,6,TIGER 미국투자등급회사채액티브(H),49010,2,125,0.26,48962.0,-1.6003,2633,129,888
230,267770,3,TIGER 200선물레버리지,15205,2,200,1.33,15213.0,8.9687,84848,1294,882
231,139230,2,TIGER 200 중공업,4295,5,-25,-0.58,4301.0,26.5377,465017,2015,873
232,204450,4,KODEX 차이나H레버리지(H),1825,2,75,4.29,1828.0,44.3894,1238219,2228,872
233,138540,2,TIGER 현대차그룹+펀더멘털,27415,2,265,0.98,27478.0,1.1097,13245,361,850
234,461260,6,ACE 25-06 회사채(AA-이상)액티브,10475,2,5,0.05,10468.0,1.013,10734,112,839
235,252710,3,TIGER 200선물인버스2X,2135,5,-25,-1.16,2136.0,-10.0,703918,1496,837
236,228810,2,TIGER 미디어컨텐츠,5735,2,135,2.41,5746.0,-4.8267,201630,1147,828
237,144600,5,KODEX 은선물(H),5265,2,140,2.73,5277.0,21.8787,290518,1524,821
238,433330,4,SOL 미국S&P500,14860,2,110,0.75,14846.0,7.0702,24607,365,817
239,266420,2,KODEX 헬스케어,15200,5,-5,-0.03,15249.0,13.5548,69818,1063,806
240,367760,2,KBSTAR Fn5G테크,12075,5,-65,-0.54,12095.0,19.0779,40466,489,797
241,437080,6,KODEX 미국종합채권ESG액티브(H),98840,2,180,0.18,98865.0,-0.7495,5259,520,787
242,395170,2,KODEX Fn Top10동일가중,7940,2,55,0.7,7958.0,0.9086,1004,7,762
243,465780,6,마이티 26-09 특수채(AAA)액티브,104080,3,0,0.0,104133.0,0.7697,0,0,760
244,464310,4,TIGER 글로벌AI&로보틱스 INDXX,12180,2,140,1.16,12168.0,8.0789,98955,1206,755
245,284430,6,KODEX 200미국채혼합,12940,2,25,0.19,12919.0,2.6221,17386,224,745
246,437350,6,KBSTAR 미국단기투자등급회사채액티브,11015,2,10,0.09,11012.0,3.479,40311,443,744
247,452250,6,ACE 미국30년국채선물레버리지(합성 H),6275,2,90,1.46,6285.0,-10.6214,79898,501,740
248,435420,7,TIGER 미국나스닥100TR채권혼합Fn,11850,2,40,0.34,11831.0,1.3299,43222,511,735
249,475260,6,ACE 2월만기자동연장회사채AA-이상액티브,10140,3,0,0.0,10138.0,1.0967,155,1,724
250,461500,6,HANARO 종합채권(AA-이상)액티브,106335,5,-45,-0.04,106355.0,0.4058,4,0,720
251,195980,4,ARIRANG 신흥국MSCI(합성 H),9590,2,15,0.16,9719.0,6.8042,12189,117,712
252,174360,4,KBSTAR 중국본토대형주CSI100,16575,5,-60,-0.36,16558.0,13.4333,8040,133,696
253,315960,2,KBSTAR 대형고배당10TR,20270,2,255,1.27,20304.0,7.3478,1407,28,689
254,437070,6,KODEX 아시아달러채권ESG플러스액티브,55245,2,40,0.07,55212.0,3.2351,21,1,686
255,114820,6,TIGER 국채3년,106490,2,40,0.04,106523.0,0.2958,266,28,683
256,475720,3,KBSTAR 200위클리커버드콜,10285,2,40,0.39,10284.0,,345611,3553,669
257,261220,5,KODEX WTI원유선물(H),15375,2,100,0.65,15376.0,9.0292,48939,750,650
258,470310,2,UNICORN 생성형AI강소기업액티브,9660,5,-235,-2.37,9625.0,4.8754,5854,57,647
259,464240,6,히어로즈 26-09 회사채(AA-이상)액티브,51945,2,10,0.02,51945.0,1.0094,13755,714,644
260,414270,4,ACE G2전기차&자율주행액티브,8245,5,-115,-1.38,8238.0,8.2901,68261,563,639
261,269540,4,ARIRANG 미국S&P500(H),21285,2,175,0.83,21277.0,3.6226,4500,95,639
262,139280,2,TIGER 경기방어,9445,2,140,1.5,9445.0,4.6681,10489,98,637
263,418660,4,TIGER 미국나스닥100레버리지(합성),17945,2,175,0.98,17930.0,7.6969,40954,733,619
264,476750,6,ACE 미국30년국채엔화노출액티브(H),9235,2,55,0.6,9224.0,,87885,810,619
265,136340,6,KBSTAR 중기우량회사채,105380,2,45,0.04,105370.0,0.9545,1019,107,613
266,434060,7,KODEX TDF2050액티브,12830,2,85,0.67,12818.0,5.6536,18020,231,603
267,438080,7,ACE 미국S&P500채권혼합액티브,11535,2,35,0.3,11511.0,5.0708,63751,733,600
268,225040,4,TIGER 미국S&P500레버리지(합성 H),37435,2,540,1.46,37397.0,5.8376,7127,266,599
269,412570,2,TIGER 2차전지TOP10레버리지,3715,3,0,0.0,3719.0,-9.0576,767140,2875,598
270,426030,4,TIMEFOLIO 미국나스닥100액티브,18600,2,10,0.05,18593.0,10.5231,25840,479,595
271,261240,7,KODEX 미국달러선물,13035,5,-10,-0.08,13058.0,4.4435,9355,121,588
272,458030,6,WOORI 단기국공채액티브,51880,2,10,0.02,51889.0,0.8457,111,5,575
273,400570,4,KODEX 유럽탄소배출권선물ICE(H),10935,2,230,2.15,10960.0,14.9221,95318,1041,571
274,152380,6,KODEX 국채선물10년,65360,2,95,0.15,65375.0,-0.715,501,32,569
275,236350,4,TIGER 인도니프티50레버리지(합성),37045,5,-450,-1.2,37256.0,7.3125,7843,288,563
276,099140,4,KODEX 차이나H,16740,2,350,2.14,16788.0,25.4977,79897,1323,561
277,298770,4,KODEX 한국대만IT프리미어,23355,5,-110,-0.47,23613.0,14.3685,7908,184,561
278,411420,4,KODEX 미국메타버스나스닥액티브,10835,2,35,0.32,10833.0,7.0366,19691,213,558
279,469580,6,KBSTAR KP달러채권액티브,53570,2,70,0.13,53553.0,3.4976,127,6,557
280,441640,4,KODEX 미국배당프리미엄액티브,11090,2,95,0.86,11081.0,6.7164,83977,930,555
281,458750,4,TIGER 미국배당+3%프리미엄다우존스,10970,2,50,0.46,10917.0,5.2023,111271,1219,543
282,429000,4,TIGER 미국S&P500배당귀족,11630,2,120,1.04,11604.0,6.5543,35562,413,541
283,440640,6,ACE 단기채권알파액티브,106455,2,10,0.01,106450.0,0.9005,5428,577,539
284,295020,6,KBSTAR 국채선물10년인버스,55555,5,-30,-0.05,55527.0,2.0657,99,5,532
285,245360,4,TIGER 차이나HSCEI,9745,2,195,2.04,9729.0,26.1558,26807,259,531
286,465330,2,KBSTAR 2차전지TOP10,13180,5,-50,-0.38,13201.0,-7.4826,45934,609,527
287,233160,3,TIGER 코스닥150 레버리지,12905,5,-110,-0.85,12911.0,18.6958,105336,1367,516
288,322400,2,HANARO e커머스,10510,2,105,1.01,10526.0,-6.2698,3893,40,515
289,472170,7,TIGER 미국테크TOP10채권혼합,11105,2,55,0.5,11104.0,2.9343,25721,285,511
290,397410,6,KBSTAR 국채선물5년추종인버스,56310,2,10,0.02,56296.0,1.6062,4,0,510
291,423170,4,SOL 한국형글로벌반도체액티브,17620,5,-130,-0.73,17584.0,14.6122,9619,169,507
292,465660,4,TIGER 일본반도체FACTSET,14360,5,-210,-1.44,14373.0,2.5695,45874,663,503
293,448490,6,HANARO 32-10 국고채액티브,53415,2,165,0.31,53409.0,-0.5974,14413,770,500
294,454320,2,HANARO CAPEX설비투자iSelect,14425,5,-100,-0.69,14415.0,38.7827,77191,1117,498
295,476690,4,TIGER 글로벌비만치료제TOP2Plus,10675,2,115,1.09,10652.0,,61026,650,496
296,308620,6,KODEX 미국10년국채선물,11240,2,20,0.18,11237.0,0.4476,19358,217,495
297,395160,2,KODEX Fn시스템반도체,11270,5,-200,-1.74,11285.0,19.2431,11368,129,485
298,441540,2,HANARO Fn조선해운,11600,2,90,0.78,11626.0,16.0048,143083,1669,481
299,385510,2,KODEX K-신재생에너지액티브,18770,2,185,1.0,18782.0,41.0733,58183,1082,479
300,448330,1,KODEX 삼성전자채권혼합Wise,11380,5,-35,-0.31,11380.0,3.2564,47254,537,467
301,203780,4,TIGER 미국나스닥바이오,21955,5,-50,-0.23,21966.0,3.7726,3974,87,465
302,403790,1,마이다스 KoreaStock액티브,21305,2,105,0.5,21329.0,5.1587,1263,26,463
303,453820,4,KODEX 인도Nifty50레버리지(합성),15085,5,-120,-0.79,14972.0,7.2663,19223,287,460
304,256440,4,ACE 인도네시아MSCI(합성),9970,2,120,1.22,9744.0,-7.0317,14549,144,459
305,102970,2,KODEX 증권,7340,2,265,3.75,7345.0,1.8865,74254,538,455
306,469070,2,KBSTAR AI&로봇,10150,2,60,0.59,10144.0,-7.938,127322,1305,442
307,469150,2,ACE AI반도체포커스,16575,5,-125,-0.75,16563.0,31.7346,19720,327,439
308,195930,4,TIGER 유로스탁스50(합성 H),18050,2,65,0.36,18067.0,8.2455,7623,137,433
309,152870,1,파워 200,37570,2,215,0.58,37590.0,5.6389,388,14,432
310,271050,5,KODEX WTI원유선물인버스(H),4180,5,-35,-0.83,4184.0,-8.2699,97757,409,429
311,108450,2,ACE 삼성그룹섹터가중,15815,2,25,0.16,15841.0,6.4805,3588,57,427
312,227540,2,TIGER 200 헬스케어,18215,2,110,0.61,18221.0,0.533,5951,108,426
313,456680,4,TIGER 차이나전기차레버리지(합성),5065,5,-160,-3.06,5144.0,35.1875,137750,710,425
314,319640,4,TIGER 골드선물(H),15660,2,230,1.49,15684.0,12.9162,12881,201,423
315,261270,7,KODEX 미국달러선물인버스,8280,2,15,0.18,8287.0,-3.1635,11434,94,418
316,304780,3,HANARO 200선물레버리지,22005,2,260,1.2,22022.0,9.0795,1528,33,418
317,461490,7,KBSTAR 글로벌자산배분액티브,11450,2,85,0.75,11428.0,4.6982,77387,885,418
318,122260,6,KOSEF 통안채1년,103675,2,5,0.0,103681.0,0.7531,19,1,415
319,266360,2,KODEX 미디어&엔터테인먼트,11820,2,90,0.77,11838.0,-2.2745,16753,198,414
320,407830,4,에셋플러스 글로벌플랫폼액티브,8270,2,35,0.43,8289.0,6.258,2585,21,414
321,371450,4,TIGER 글로벌클라우드컴퓨팅INDXX,9820,2,30,0.31,9828.0,-9.4776,5673,55,412
322,332500,1,ACE 200TR,24210,2,155,0.64,24229.0,5.6201,14712,357,412
323,266160,2,KBSTAR 고배당,13905,2,150,1.09,13917.0,4.102,17443,242,410
324,123320,3,TIGER 레버리지,19485,2,240,1.25,19468.0,9.3776,55065,1078,409
325,475380,7,KBSTAR 글로벌리얼티인컴,9820,2,115,1.18,9810.0,,36370,356,408
326,469170,2,ACE 포스코그룹포커스,6960,5,-50,-0.71,6993.0,-13.7974,185182,1294,407
327,276970,4,KODEX 미국S&P500배당귀족커버드콜(합성 H),8640,2,10,0.12,8607.0,2.7014,6925,59,406
328,365000,2,TIGER 인터넷TOP10,3670,5,-50,-1.34,3674.0,-1.3263,188908,696,406
329,419430,4,KODEX 차이나2차전지MSCI(합성),5785,5,-45,-0.77,5787.0,20.2061,15143,87,399
330,140700,2,KODEX 보험,9490,2,240,2.59,9509.0,-0.108,79686,756,399
331,455960,6,KBSTAR 미국달러SOFR금리액티브(합성),10830,5,-35,-0.32,10851.0,4.5717,168,1,395
332,388280,2,KBSTAR Fn컨택트대표,6575,2,5,0.08,6587.0,-3.9334,3369,22,395
333,368190,2,HANARO Fn K-뉴딜디지털플러스,8075,2,40,0.5,8104.0,-3.8761,470,3,388
334,395150,2,KODEX Fn웹툰&드라마,3950,2,30,0.77,3995.0,-7.3067,51898,204,383
335,464920,4,ARIRANG 일본반도체소부장Solactive,13530,5,-110,-0.81,13560.0,3.3333,53351,722,379
336,371470,4,TIGER 차이나바이오테크SOLACTIVE,5800,2,10,0.17,5835.0,9.659,18950,110,376
337,354350,4,HANARO 글로벌럭셔리S&P(합성),19205,2,110,0.58,19304.0,3.0213,1768,33,367
338,218420,4,KODEX 미국S&P500에너지(합성),14945,2,105,0.71,15054.0,14.8606,11863,178,364
339,473490,4,KOSEF 글로벌AI반도체,13140,5,-50,-0.38,13287.0,6.8016,134630,1770,361
340,248270,4,TIGER S&P글로벌헬스케어(합성),22570,2,180,0.8,22652.0,2.8715,3125,70,361
341,123310,3,TIGER 인버스,4625,5,-30,-0.64,4626.0,-4.4148,144810,668,361
342,438320,4,TIGER 차이나항셍테크레버리지(합성 H),6040,5,-5,-0.08,6056.0,48.1617,190318,1152,359
343,337160,2,KODEX 200ESG,13680,2,135,1.0,13755.0,4.2966,389,5,356
344,272910,6,ACE 중장기국공채액티브,101850,2,35,0.03,101869.0,0.3894,28,2,353
345,464470,6,ARIRANG 미국채30년액티브,50190,2,310,0.62,50186.0,-1.1691,4228,212,351
346,463300,4,KBSTAR 중국본토CSI300,9495,2,60,0.64,9517.0,11.5248,2008,19,351
347,447620,7,SOL 미국TOP5채권혼합40 Solactive,12085,2,60,0.5,12080.0,2.4275,13051,157,350
348,336160,6,KBSTAR 금융채액티브,101490,2,15,0.01,101504.0,0.8447,30,3,349
349,426150,6,WOORI 대한민국국고채액티브,53145,2,15,0.03,53132.0,-0.0941,11,0,344
350,476800,7,KODEX 한국부동산리츠인프라,5250,5,-10,-0.19,5252.0,,1112025,5870,341
351,138230,7,KOSEF 미국달러선물,14850,5,-5,-0.03,14868.0,4.209,257,3,340
352,421320,2,ARIRANG 우주항공&UAM iSelect,13020,2,45,0.35,13051.0,15.1082,19282,251,339
353,261250,7,KODEX 미국달러선물레버리지,14280,5,-45,-0.31,14334.0,7.9096,3219,45,337
354,114100,6,KBSTAR 국고채3년,108505,2,80,0.07,108508.0,0.3647,22,2,335
355,445150,2,KODEX K-친환경선박액티브,11540,2,130,1.14,11561.0,8.5839,34394,396,329
356,399110,4,SOL 미국S&P500ESG,14085,2,90,0.64,14060.0,7.5132,17438,245,324
357,266370,2,KODEX IT,20180,2,30,0.15,20189.0,12.8409,1472,29,323
358,441800,1,TIMEFOLIO Korea플러스배당액티브,12655,2,195,1.57,12665.0,5.4859,158734,1998,321
359,472830,6,KBSTAR 미국30년국채커버드콜(합성),9555,2,40,0.42,9549.0,0.1157,47885,457,320
360,477730,4,KODEX 인도타타그룹,9975,5,-70,-0.7,10008.0,,823562,8176,319
361,434960,1,대신343 K200,37390,2,195,0.52,37436.0,5.7066,5,0,318
362,243880,2,TIGER 200IT레버리지,43745,2,650,1.51,43972.0,14.874,1110,48,317
363,332620,6,ARIRANG 미국장기우량회사채,89590,2,520,0.58,89565.0,-0.4749,748,66,300
364,250730,4,KBSTAR 차이나HSCEI(H),7795,2,165,2.16,7807.0,21.5936,119769,926,296
365,101280,4,KODEX 일본TOPIX100,20505,5,-15,-0.07,20546.0,5.6697,4982,102,295
366,238720,4,ACE 일본Nikkei225(H),26835,2,140,0.52,26818.0,4.2569,4486,121,295
367,411540,1,SOL 200 Top10,8670,2,15,0.17,8733.0,0.698,100,0,295
368,375770,2,KODEX 탄소효율그린뉴딜,9320,2,20,0.22,9352.0,5.8622,1363,12,289
369,160580,5,TIGER 구리실물,12255,2,105,0.86,12012.0,22.6034,27593,337,288
370,394350,4,KOSEF 글로벌퓨처모빌리티,9560,2,20,0.21,9674.0,2.4704,784,7,287
371,440340,7,TIGER 글로벌멀티에셋TIF액티브,10580,2,60,0.57,10601.0,5.8563,938,9,286
372,453330,4,KBSTAR 미국S&P500(H),12965,2,85,0.66,12964.0,3.4039,19352,251,285
373,276990,4,KODEX 글로벌로봇(합성),18105,2,160,0.89,18167.0,5.1875,7788,141,283
374,385720,1,TIMEFOLIO Kstock액티브,9740,2,75,0.78,9798.0,11.0919,1438,14,282
375,329670,7,KODEX TRF7030,16595,2,120,0.73,16533.0,5.5413,14806,245,282
376,261070,2,TIGER 코스닥150바이오테크,11310,5,-100,-0.88,11343.0,30.5193,52543,595,280
377,363510,6,SOL KIS단기통안채,106915,2,30,0.03,106902.0,0.7493,102,10,280
378,326230,2,KBSTAR 내수주플러스,8505,2,100,1.19,8501.0,4.3192,45,0,279
379,287180,4,ARIRANG 미국나스닥테크,32645,5,-5,-0.02,32618.0,2.1589,1007,32,277
380,210780,2,TIGER 코스피고배당,14635,2,165,1.14,14641.0,1.7724,5966,87,277
381,438560,6,SOL 국고채3년,102975,2,70,0.07,102961.0,0.3021,45,4,275
382,289480,3,TIGER 200커버드콜ATM,9155,2,30,0.33,9176.0,5.5645,12730,116,275
383,450910,1,SOL 코스닥150,14075,5,-20,-0.14,13960.0,9.8083,4,0,273
384,237350,1,KODEX 코스피100,28685,2,185,0.65,28716.0,5.0497,1125,32,273
385,465610,4,ACE 미국빅테크TOP7 Plus레버리지(합성),16925,2,120,0.71,16904.0,19.8644,16552,279,271
386,359210,1,KODEX 코스피TR,13515,2,65,0.48,13526.0,4.7915,779,10,270
387,385520,2,KODEX K-미래차액티브,9450,5,-5,-0.05,9463.0,2.8723,1864,17,269
388,279530,2,KODEX 고배당,10310,2,80,0.78,10322.0,2.649,17605,181,268
389,385590,2,ACE ESG액티브,8325,2,30,0.36,8354.0,9.0586,221,1,266
390,332610,6,ARIRANG 미국단기우량회사채,118460,5,-10,-0.01,118477.0,3.6301,3,0,264
391,329660,7,KODEX TRF5050,14485,2,40,0.28,14451.0,4.3713,15232,220,261
392,261120,7,TIGER 미국달러선물인버스2X,6015,2,15,0.25,6015.0,-6.9046,1347,8,259
393,453950,4,TIGER TSMC밸류체인FACTSET,15630,5,-55,-0.35,15651.0,14.2388,21910,341,258
394,269420,4,KODEX S&P글로벌인프라(합성),16100,2,450,2.88,15936.0,12.2266,1882,29,258
395,475310,2,SOL 반도체후공정,14300,5,-475,-3.21,14299.0,,171318,2477,257
396,138520,2,TIGER 삼성그룹펀더멘털,12820,2,45,0.35,12848.0,5.9462,17718,228,256
397,475280,6,ACE 8월만기자동연장회사채AA-이상액티브,10130,2,5,0.05,10128.0,0.8968,1721,17,256
398,475270,6,ACE 5월만기자동연장회사채AA-이상액티브,10120,3,0,0.0,10117.0,0.8973,47,0,255
399,387270,4,TIGER 글로벌BBIG액티브,14280,2,45,0.32,14267.0,6.7091,2839,40,254
400,404260,2,KODEX KRX기후변화솔루션,12085,2,30,0.25,12120.0,3.0518,338,4,254
401,395750,2,ARIRANG ESG가치주액티브,8730,2,50,0.58,8742.0,5.5832,17,0,249
402,280930,4,KODEX 미국러셀2000(H),12740,2,165,1.31,12725.0,4.4435,8934,113,248
403,417630,2,TIGER KEDI혁신기업ESG30,10085,2,35,0.35,10091.0,1.382,3104,31,247
404,300950,2,KODEX 게임산업,7210,2,285,4.12,7229.0,3.7453,547257,3958,245
405,360140,2,KODEX 200롱코스닥150숏선물,8680,2,90,1.05,8699.0,-4.82,937,8,243
406,449770,4,KOSEF 미국S&P500,14270,2,95,0.67,14264.0,7.0053,1403,20,243
407,251600,7,ARIRANG 고배당주채권혼합,11980,2,85,0.71,11976.0,1.6145,23027,275,240
408,442260,1,마이티 다이나믹퀀트액티브,13075,2,110,0.85,13041.0,4.548,4,0,235
409,130680,5,TIGER 원유선물Enhanced(H),4545,2,15,0.33,4559.0,8.1145,37021,168,234
410,400590,4,SOL 글로벌탄소배출권선물ICE(합성),12210,2,150,1.24,12307.0,10.1873,22865,278,232
411,239660,6,ARIRANG 우량회사채50 1년,115580,2,20,0.02,115578.0,0.6664,207,23,231
412,256750,4,KODEX 차이나심천ChiNext(합성),8270,2,10,0.12,8257.0,10.7238,7397,61,231
413,117700,2,KODEX 건설,3290,3,0,0.0,3292.0,1.3867,75910,249,230
414,276650,4,KBSTAR 글로벌4차산업IT(합성 H),27040,5,-100,-0.37,27166.0,3.8255,6075,164,230
415,434730,2,HANARO 원자력iSelect,16990,5,-35,-0.21,17030.0,49.0414,142822,2438,229
416,237370,7,KODEX 배당성장채권혼합,12720,2,40,0.32,12717.0,1.5618,3465,44,229
417,354500,1,ACE 코스닥150,14295,5,-100,-0.69,14292.0,9.6511,501,7,229
418,292190,1,KODEX KRX300,17500,2,70,0.4,17533.0,6.2286,3279,57,228
419,169950,4,KODEX 차이나A50,18875,5,-120,-0.63,19035.0,13.1665,1864,35,227
420,480310,4,TIGER 글로벌온디바이스AI,9565,2,120,1.27,9529.0,,811355,7735,225
421,272570,6,KBSTAR 중장기국공채액티브,104415,2,85,0.08,104393.0,0.2161,5,0,224
422,117680,2,KODEX 철강,8905,2,25,0.28,8916.0,-1.5085,7294,65,224
423,385600,2,ACE 2차전지&친환경차액티브,11640,5,-75,-0.64,11654.0,2.5293,7208,83,221
424,387280,2,TIGER 퓨처모빌리티액티브,9295,5,-165,-1.74,9329.0,5.228,807,7,219
425,196030,4,ACE 일본TOPIX레버리지(H),43480,2,280,0.65,43816.0,14.2403,1240,54,217
426,480030,4,ACE 미국500 15%프리미엄분배(합성),10335,2,70,0.68,10268.0,,661339,6824,217
427,277540,4,ACE 아시아TOP50S&P,14420,2,205,1.44,14487.0,16.9477,1561,22,216
428,479620,4,SOL 미국AI반도체칩메이커,9605,5,-15,-0.16,9603.0,,272338,2617,216
429,472350,4,1Q 차이나H(H),11760,2,170,1.47,11860.0,24.9595,1008,11,212
430,310960,1,TIGER 200TR,21065,2,115,0.55,21090.0,5.648,679,14,211
431,341850,7,TIGER 리츠부동산인프라채권TR KIS,4835,2,20,0.42,4831.0,4.6284,5747,27,210
432,377990,2,TIGER Fn신재생에너지,8930,5,-50,-0.56,8937.0,10.7684,13529,120,210
433,453080,4,KOSEF 미국나스닥100(H),14925,2,65,0.44,14920.0,1.3642,24395,364,209
434,364990,2,TIGER 게임TOP10,5670,2,285,5.29,5673.0,2.6105,1532379,8689,207
435,446700,2,KBSTAR 배터리 리사이클링iSelect,11700,5,-40,-0.34,11718.0,-3.6521,2980,34,204
436,352560,7,KODEX 미국부동산리츠(H),11255,2,245,2.23,11249.0,-2.1682,42287,470,203
437,438100,7,ACE 미국나스닥100채권혼합액티브,11895,2,35,0.3,11881.0,4.2179,18743,222,202
438,396510,4,TIGER 차이나클린에너지SOLACTIVE,5810,5,-30,-0.51,5818.0,12.524,1718,9,202
439,211900,2,KODEX 배당성장,14975,2,110,0.74,15006.0,4.0383,6756,100,202
440,391600,4,ACE 미국친환경그린테마INDXX,8980,2,110,1.24,9082.0,0.0564,3059,27,202
441,474800,4,KOSEF 미국원유에너지기업,11880,2,225,1.93,11897.0,16.3173,63402,751,202
442,252420,3,KBSTAR 200선물인버스2X,2010,5,-20,-0.99,2010.0,-10.3753,252309,504,201
443,468380,6,KODEX iShares미국하이일드액티브,10790,2,5,0.05,10768.0,4.668,23806,256,201
444,480020,4,ACE 미국빅테크7+ 15%프리미엄분배(합성),10420,2,20,0.19,10360.0,,546829,5689,198
445,381560,2,HANARO Fn전기&수소차,8550,2,50,0.59,8572.0,3.0677,41132,352,197
446,404540,2,TIGER KRX기후변화솔루션,12205,2,65,0.54,12227.0,3.2049,131,1,195
447,304770,1,HANARO 코스닥150,14250,3,0,0.0,14224.0,9.2623,2800,39,191
448,117460,2,KODEX 에너지화학,14350,5,-75,-0.52,14354.0,-3.9167,15782,226,191
449,200030,4,KODEX 미국S&P500산업재(합성),29895,2,335,1.13,29898.0,10.0726,1792,53,187
450,429760,4,ARIRANG 미국S&P500,13300,2,85,0.64,13295.0,7.0647,2927,38,186
451,211560,2,TIGER 배당성장,18735,2,65,0.35,18748.0,4.3308,2878,53,185
452,471040,4,KoAct 글로벌AI&로봇액티브,12735,5,-30,-0.24,12839.0,9.5708,8430,107,185
453,114460,6,ACE 국고채3년,102570,2,80,0.08,102574.0,0.2925,121,12,185
454,219390,4,KBSTAR 미국S&P원유생산기업(합성 H),6930,2,35,0.51,7015.0,15.5909,12170,84,184
455,475070,4,KoAct 글로벌기후테크인프라액티브,12595,2,335,2.73,12446.0,19.7265,25066,313,183
456,252400,3,KBSTAR 200선물레버리지,18185,2,230,1.28,18189.0,8.8511,21106,385,182
457,463250,2,TIGER 스페이스테크iSelect,12105,2,115,0.96,12114.0,12.9959,20701,252,182
458,289260,2,TIGER MSCI KOREA ESG리더스,9170,2,130,1.44,9197.0,5.6321,84,0,179
459,456250,4,KODEX 유럽명품TOP10 STOXX,9660,2,65,0.68,9689.0,6.6466,4144,39,179
460,185680,4,KODEX 미국S&P바이오(합성),26455,2,140,0.53,26425.0,3.8271,4949,130,178
461,411050,4,ACE 글로벌메타버스테크액티브,11765,2,75,0.64,11726.0,7.8413,807,9,176
462,465670,4,TIGER 미국캐시카우100,11745,2,145,1.25,11719.0,10.1091,16187,189,176
463,265690,4,ACE 러시아MSCI(합성),9505,3,0,0.0,45.0,0.0,0,0,176
464,139220,2,TIGER 200 건설,3225,2,5,0.16,3228.0,-0.1551,31738,102,174
465,468630,6,KODEX iShares미국투자등급회사채액티브,10835,2,25,0.23,10823.0,1.885,4378,47,173
466,223190,2,KODEX 200가치저변동,11515,2,115,1.01,11533.0,4.7986,3029,34,173
467,396520,4,TIGER 차이나반도체FACTSET,5245,5,-85,-1.59,5227.0,10.8108,14756,77,172
468,139250,2,TIGER 200 에너지화학,12590,2,30,0.24,12632.0,-6.9147,8656,109,171
469,337150,2,KODEX 200exTOP,12110,2,75,0.62,12172.0,5.0908,1,0,170
470,376410,2,TIGER 탄소효율그린뉴딜,9325,2,35,0.38,9329.0,6.1835,1110,10,168
471,464600,2,SOL 자동차소부장Fn,10340,5,-5,-0.05,10369.0,1.6807,959,9,165
472,271060,5,KODEX 3대농산물선물(H),10015,5,-60,-0.6,9995.0,2.1287,39232,394,165
473,182490,6,TIGER 단기선진하이일드(합성 H),12660,2,5,0.04,12713.0,0.9573,36519,462,165
474,442320,4,KBSTAR 글로벌원자력iSelect,17310,2,290,1.7,17264.0,19.1459,127594,2214,164
475,448630,7,KBSTAR 삼성그룹Top3채권혼합블룸버그,10275,5,-5,-0.05,10283.0,2.5948,8940,91,164
476,447430,2,ACE 주주환원가치주액티브,12150,2,60,0.5,12153.0,2.6926,8846,107,164
477,114470,6,KOSEF 국고채3년,109260,2,80,0.07,109254.0,0.3252,254,27,164
478,225800,7,KOSEF 미국달러선물레버리지,13625,5,-65,-0.47,13657.0,8.0931,25,0,164
479,457700,6,KODEX 53-09 국고채액티브,10590,2,35,0.33,10583.0,-1.0778,4405,46,163
480,453640,4,KODEX 미국S&P500헬스케어,11900,2,125,1.06,11974.0,0.8133,4367,51,161
481,306950,3,KODEX KRX300레버리지,15980,5,-5,-0.03,16016.0,14.1378,824,13,160
482,137610,5,TIGER 농산물선물Enhanced(H),6385,5,-30,-0.47,6373.0,0.8647,19102,122,160
483,407820,2,에셋플러스 코리아플랫폼액티브,6935,2,85,1.24,6940.0,-0.6527,1051,7,160
484,426020,4,TIMEFOLIO 미국S&P500액티브,16890,2,65,0.39,16930.0,11.2029,108132,1825,159
485,250780,3,TIGER 코스닥150선물인버스,3515,2,20,0.57,3514.0,-9.69,595907,2089,158
486,401590,4,HANARO 글로벌탄소배출권선물ICE(합성),10075,2,65,0.65,10141.0,10.2422,3605,36,156
487,460960,7,ACE 글로벌인컴TOP10 SOLACTIVE,10725,2,35,0.33,10691.0,5.8835,15342,163,156
488,418670,4,TIGER 글로벌사이버보안INDXX,12050,5,-100,-0.82,12017.0,-1.3799,3067,37,154
489,481060,6,KODEX 미국30년국채+12%프리미엄(합성 H),10250,2,40,0.39,10247.0,,908457,9319,154
490,252410,3,KBSTAR 200선물인버스,5295,5,-20,-0.38,5287.0,-4.7492,535,2,154
491,217780,4,TIGER 차이나CSI300인버스(합성),8500,2,25,0.29,8545.0,-11.7648,3592,30,153
492,475050,2,ACE KPOP포커스,8265,2,40,0.49,8278.0,0.7348,101567,845,153
493,445690,2,BNK 주주가치액티브,13805,2,105,0.77,13855.0,4.4605,2,0,152
494,461600,6,SOL 미국30년국채액티브(H),9120,2,50,0.55,9117.0,-4.4761,35514,323,150
495,245350,4,TIGER 유로스탁스배당30,12530,2,190,1.54,12535.0,12.6117,7904,98,150
496,415340,4,KODEX 차이나과창판STAR50(합성),5985,5,-140,-2.29,6049.0,7.5504,4691,28,150
497,183700,7,KBSTAR 채권혼합,61965,5,-25,-0.04,62023.0,2.1083,5,0,149
498,316670,1,KOSEF 코스닥150,7070,5,-30,-0.42,7105.0,9.399,175,1,148
499,291130,4,ACE 멕시코MSCI(합성),16470,2,255,1.57,16480.0,0.0925,5415,89,148
500,476760,6,ACE 미국30년국채액티브,9870,2,65,0.66,9869.0,,42026,414,148
501,444490,4,WOORI 미국S&P500,13410,2,95,0.71,13386.0,6.6907,7897,105,148
502,475300,2,SOL 반도체전공정,10470,5,-320,-2.97,10479.0,,114031,1206,147
503,195970,4,ARIRANG 선진국MSCI(합성 H),12010,2,65,0.54,12105.0,4.7347,5996,72,147
504,241390,7,KBSTAR V&S셀렉트밸류채권혼합,12170,2,30,0.25,12175.0,2.9249,1255,15,146
505,337140,2,KODEX 코스피대형주,13115,2,95,0.73,13090.0,4.9069,17,0,144
506,253290,7,KBSTAR 헬스케어채권혼합,11965,5,-10,-0.08,11965.0,4.0851,3759,45,144
507,409810,4,KODEX 미국나스닥100선물인버스(H),8690,5,-40,-0.46,8700.0,-0.6261,25164,218,143
508,445910,2,TIGER MKF배당귀족,12345,2,25,0.2,12352.0,4.2389,2443,30,142
509,289040,2,KODEX MSCI KOREA ESG유니버설,10850,3,0,0.0,10949.0,4.5783,0,0,141
510,156080,1,KODEX MSCI Korea,17600,2,130,0.74,17533.0,5.7122,1,0,141
511,395280,2,HANARO Fn K-게임,4385,2,205,4.9,4391.0,2.7279,56086,246,140
512,100910,1,KOSEF KRX100,5815,2,30,0.52,5818.0,6.1078,408,2,140
513,354240,7,KBSTAR 미국고정배당우선증권ICE TR,10730,5,-95,-0.88,10759.0,2.558,28672,307,139
514,300610,2,TIGER K게임,7910,2,335,4.42,7929.0,0.0396,151017,1202,138
515,217770,5,TIGER 원유선물인버스(H),2790,5,-20,-0.71,2787.0,-8.7663,6339,17,138
516,469060,4,KBSTAR 미국반도체NYSE,14525,2,75,0.52,14425.0,11.4797,1932,28,138
517,181480,7,ACE 미국다우존스리츠(합성 H),76450,2,1755,2.35,76432.0,-2.6078,6111,462,138
518,159800,1,마이티 코스피100,28640,2,180,0.63,28642.0,4.8096,2,0,137
519,213630,4,ARIRANG 미국다우존스고배당주(합성 H),16055,2,160,1.01,16139.0,7.1452,6426,102,136
520,476030,4,SOL 미국나스닥100,10495,2,35,0.33,10494.0,,25058,262,136
521,230480,7,KOSEF 미국달러선물인버스2X,5285,2,25,0.48,5270.0,-6.7376,585,3,136
522,167860,6,KOSEF 국고채10년레버리지,104735,2,650,0.62,104572.0,-2.07,46,4,136
523,463680,4,KODEX 미국S&P500테크놀로지,12310,2,70,0.57,12306.0,2.7707,3706,45,135
524,267440,6,KBSTAR 미국장기국채선물(H),8450,2,30,0.36,8453.0,-3.385,1439,12,135
525,138910,5,KODEX 구리선물(H),7940,2,135,1.73,7972.0,19.1603,27414,217,135
526,276000,4,TIGER 글로벌자원생산기업(합성 H),15820,2,120,0.76,15871.0,9.7902,4169,66,134
527,139270,2,TIGER 200 금융,8055,2,220,2.81,8075.0,5.069,20674,166,134
528,453650,4,KODEX 미국S&P500금융,14030,2,35,0.25,14160.0,9.2591,2456,34,133
529,407310,1,HANARO 200 TOP10,8560,2,80,0.94,8567.0,0.8323,81,0,133
530,371150,4,KBSTAR 차이나항셍테크,5825,5,-10,-0.17,5839.0,28.5242,5140,29,131
531,122090,1,ARIRANG 코스피50,25665,2,185,0.73,25690.0,4.4519,41,1,131
532,422260,2,VITA MZ소비액티브,8725,2,145,1.69,8767.0,8.4702,29919,259,131
533,433970,7,KODEX TDF2030액티브,11830,2,45,0.38,11848.0,3.2684,2934,34,130
534,280320,4,ACE 미국IT인터넷S&P(합성 H),16175,5,-15,-0.09,16275.0,1.4411,642,10,129
535,464610,2,SOL 의료기기소부장Fn,9550,5,-210,-2.15,9569.0,16.0385,46179,445,129
536,475350,4,KBSTAR 버크셔포트폴리오TOP10,10635,2,110,1.05,10627.0,,15769,167,128
537,435040,4,ACE 글로벌브랜드TOP10블룸버그,14145,2,25,0.18,14086.0,5.2396,338,4,127
538,467620,6,히어로즈 25-09 미국채권(AA-이상)액티브,52260,2,10,0.02,52276.0,3.6685,13606,710,125
539,138530,2,TIGER LG그룹+펀더멘털,7645,2,90,1.19,7663.0,-2.3902,25124,191,125
540,292500,1,SOL KRX300,17880,5,-5,-0.03,17795.0,7.2242,1,0,125
541,453060,6,HANARO KOFR금리액티브(합성),104295,2,35,0.03,104262.0,0.8414,193,20,125
542,104530,2,KOSEF 고배당,10380,2,190,1.86,10379.0,5.4319,8072,83,125
543,448570,1,FOCUS AI코리아액티브,13080,2,95,0.73,13125.0,5.0311,280,3,124
544,140950,1,파워 코스피100,28230,2,225,0.8,28260.0,4.5352,54,1,124
545,473460,4,KODEX 미국서학개미,11285,5,-65,-0.57,11379.0,8.7685,411,4,124
546,447660,7,ARIRANG Apple채권혼합Fn,11150,2,20,0.18,11212.0,-0.0808,12960,144,123
547,471780,2,TIGER 코리아테크액티브,10945,5,-160,-1.44,10952.0,14.4727,84,0,123
548,472840,1,ITF 200,37165,2,210,0.57,37237.0,5.634,117,4,121
549,195920,4,TIGER 일본TOPIX(합성 H),23170,2,185,0.8,23233.0,5.8972,263,6,120
550,463690,4,KODEX 미국S&P500통신서비스,12655,2,120,0.96,12719.0,7.2192,1035,12,120
551,400580,4,SOL 유럽탄소배출권선물S&P(H),10880,2,255,2.4,10880.0,15.0514,36809,398,120
552,474920,4,에셋플러스 차이나일등기업포커스10액티브,11380,5,-80,-0.7,11457.0,19.0649,2782,31,118
553,352540,7,KODEX 일본부동산리츠(H),11810,5,-125,-1.05,11822.0,5.3398,19879,235,118
554,461340,4,HANARO 글로벌생성형AI액티브,13850,2,10,0.07,13828.0,6.0536,11921,164,118
555,365040,1,TIGER AI코리아그로스액티브,13050,2,90,0.69,13052.0,4.5582,183,2,117
556,471290,6,HANARO CD금리액티브(합성),101805,2,10,0.01,101780.0,0.877,289,29,117
557,140710,2,KODEX 운송,4860,2,95,1.99,4872.0,-6.1639,167314,813,117
558,457690,6,KODEX 33-06 국고채액티브,10315,2,30,0.29,10308.0,-0.2909,1023,10,117
559,449540,6,SOL 24-06 국고채액티브,105130,2,10,0.01,105141.0,0.8006,11,1,116
560,091220,2,TIGER 은행,8470,2,200,2.42,8480.0,6.3255,32784,278,115
561,310080,4,KBSTAR 중국MSCI China(H),7895,2,95,1.22,7974.0,15.0442,4649,36,114
562,102960,2,KODEX 기계장비,6875,5,-30,-0.43,6876.0,13.7374,26734,184,114
563,473590,4,ACE 미국주식베스트셀러,11400,5,-45,-0.39,11484.0,5.2413,1352,15,114
564,461450,1,KODEX 코스닥글로벌,11340,5,-70,-0.61,11357.0,17.2902,22,0,113
565,430500,7,KOSEF 물가채KIS,112265,2,55,0.05,112349.0,1.6671,66,7,112
566,433500,2,ACE 원자력테마딥서치,16005,5,-120,-0.74,16059.0,35.5725,9339,149,112
567,433980,7,KODEX TDF2040액티브,12430,2,80,0.65,12417.0,4.5989,8687,107,112
568,449690,4,TIGER 한중반도체(합성),12770,5,-125,-0.97,12660.0,18.7384,51,0,109
569,440650,6,ACE 미국달러단기채권액티브,10845,2,10,0.09,10838.0,4.0326,4970,53,108
570,292050,1,KBSTAR KRX300,18055,2,95,0.53,18074.0,6.5559,78,1,108
571,292730,1,FOCUS KRX300,17970,3,0,0.0,18023.0,6.4006,0,0,108
572,463640,4,KODEX 미국S&P500유틸리티,11295,2,40,0.36,11420.0,21.7678,51043,575,107
573,449780,4,KOSEF 미국S&P500(H),13325,2,100,0.76,13319.0,3.6442,214968,2863,107
574,453630,4,KODEX 미국S&P500필수소비재,11185,2,30,0.27,11271.0,8.8398,1534,17,106
575,480040,4,ACE 미국반도체15%프리미엄분배(합성),10585,2,80,0.76,10454.0,,270780,2852,106
576,453660,4,KODEX 미국S&P500경기소비재,13220,2,135,1.03,13297.0,3.2347,4264,56,106
577,152500,3,ACE 레버리지,8005,2,85,1.07,8012.0,9.6952,28799,231,104
578,480460,7,WOORI 한국부동산TOP3플러스,10395,5,-35,-0.34,10400.0,,29990,313,104
579,461580,1,TIGER 코스닥글로벌,11520,5,-100,-0.86,11575.0,16.7252,24,0,104
580,442570,7,KBSTAR TDF2050액티브,12160,2,140,1.16,12144.0,5.0699,3440,41,103
581,433220,4,에셋플러스 글로벌대장장이액티브,14340,2,25,0.17,14329.0,7.1482,65,0,103
582,476310,4,KBSTAR 글로벌비만산업TOP2+,10315,2,75,0.73,10493.0,,3577,36,103
583,145850,2,TREX 펀더멘탈 200,41080,2,385,0.95,41074.0,3.634,10,0,103
584,466930,2,SOL 자동차TOP3플러스,11305,2,105,0.94,11333.0,1.3666,4219,47,102
585,375760,2,HANARO 탄소효율그린뉴딜,9245,2,40,0.43,9251.0,5.9385,41,0,102
586,104520,2,KOSEF 블루칩,8465,2,125,1.5,8470.0,2.583,4405,37,102
587,290080,3,KBSTAR 200고배당커버드콜ATM,7810,2,50,0.64,7843.0,0.1548,15601,121,102
588,449580,7,KBSTAR 미국빅데이터Top3채권혼합iSelect,12580,5,-75,-0.59,12571.0,3.2218,139,1,101
589,479520,6,KBSTAR KOFR금리액티브(합성),100135,2,10,0.01,100102.0,,6507,651,100
590,472720,1,TRUSTON 주주가치액티브,11620,2,30,0.26,11704.0,7.0669,475191,5536,100
591,459790,4,히어로즈 미국성장기업30액티브,12440,2,120,0.97,12439.0,4.2301,3,0,100
592,473640,4,HANARO 글로벌금채굴기업,12300,2,235,1.95,12505.0,26.8664,4955,61,98
593,225050,4,TIGER 유로스탁스레버리지(합성 H),12290,2,135,1.11,12306.0,13.5981,2373,29,98
594,368680,2,KODEX Fn K-뉴딜디지털플러스,8160,2,10,0.12,8189.0,-2.7331,181,1,98
595,429010,4,TIGER 미국나스닥넥스트100,12170,5,-55,-0.45,12262.0,5.6155,337,4,97
596,474390,6,SOL 국고채30년액티브,48590,2,10,0.02,48625.0,-0.8976,1,0,97
597,451670,6,KBSTAR 국채30년레버리지KAP(합성),19405,2,80,0.41,19400.0,-3.1572,2789,54,97
598,139240,2,TIGER 200 철강소재,8465,5,-20,-0.24,8509.0,0.4617,897,7,97
599,266410,2,KODEX 필수소비재,6875,2,110,1.63,6885.0,10.5211,14999,102,96
600,417450,4,KBSTAR 글로벌수소경제Indxx,7120,2,85,1.21,7171.0,1.3688,5016,35,96
601,108590,1,TREX 200,37730,2,240,0.64,37757.0,5.5729,130,4,94
602,174350,2,TIGER 로우볼,12580,2,115,0.92,12629.0,2.3819,1947,24,93
603,479850,2,HANARO K-뷰티,12385,2,405,3.38,12443.0,,13161,161,93
604,399580,4,KBSTAR 글로벌클린에너지S&P,7090,2,70,1.0,7057.0,1.5184,2257,15,92
605,131890,2,ACE 삼성그룹동일가중,18400,2,200,1.1,18368.0,6.8639,10,0,92
606,390400,4,KODEX 미국스마트모빌리티S&P,5730,2,70,1.24,5755.0,4.7178,2375,13,92
607,267490,6,KBSTAR 미국장기국채선물레버리지(합성 H),5910,2,50,0.85,5909.0,-8.0063,2204,13,92
608,442090,2,에셋플러스 코리아대장장이액티브,11430,5,-70,-0.61,11446.0,5.8931,457,5,91
609,460270,6,히어로즈 미국달러SOFR금리액티브(합성),11270,5,-5,-0.04,11267.0,4.3015,1833,20,91
610,253150,3,ARIRANG 200선물레버리지,36485,2,405,1.12,36655.0,8.7074,213,7,91
611,459750,4,KBSTAR 글로벌주식분산액티브,12155,2,60,0.5,12137.0,7.9428,9771,118,91
612,379790,4,KBSTAR 유로스탁스50(H),13945,2,110,0.8,13907.0,9.0658,12436,172,91
613,446690,4,KODEX 아시아AI반도체exChina액티브,18045,5,-320,-1.74,18139.0,18.2854,5309,95,90
614,385710,2,TIMEFOLIO 이노베이션액티브,8195,2,25,0.31,8228.0,6.7276,4020,33,90
615,253250,3,KOSEF 200선물레버리지,17995,2,220,1.24,18008.0,9.0825,3287,59,90
616,471460,6,히어로즈 국고채30년액티브,56015,3,0,0.0,56081.0,-1.243,0,0,90
617,452440,2,VITA 밸류알파액티브,12800,2,5,0.04,12845.0,14.4045,20053,256,90
618,455660,6,ACE 미국하이일드액티브(H),9955,2,25,0.25,9969.0,0.5467,4226,42,90
619,441330,4,KOSEF 차이나A50커넥트MSCI,8505,5,-70,-0.82,8777.0,13.276,212,1,89
620,292160,1,TIGER KRX300,17735,2,105,0.6,17695.0,6.5385,104,1,89
621,460660,4,KBSTAR 미국S&P배당킹,11065,2,110,1.0,10854.0,9.1787,4979,54,89
622,272230,2,ACE 스마트밸류,14725,2,130,0.89,14707.0,7.6724,11,0,88
623,285690,2,FOCUS ESG리더스,11015,2,50,0.46,11074.0,4.5081,394,4,88
624,459560,4,KODEX 테슬라밸류체인FactSet,11740,5,-15,-0.13,11812.0,9.6548,1813,21,88
625,139660,7,KOSEF 미국달러선물인버스,8630,3,0,0.0,8636.0,-3.0338,413,3,88
626,229720,1,KODEX KTOP30,17580,2,80,0.46,17603.0,2.0467,56,0,88
627,244670,2,KODEX 밸류Plus,8770,2,50,0.57,8783.0,-3.025,255,2,88
628,410870,2,TIMEFOLIO K컬처액티브,9710,2,480,5.2,9749.0,19.5595,39916,383,87
629,225060,4,TIGER 이머징마켓MSCI레버리지(합성 H),7915,2,170,2.19,7897.0,10.9598,222,1,87
630,464060,4,HANARO 글로벌반도체TOP10 SOLACTIVE,14470,5,-15,-0.1,14606.0,10.8008,1002,14,87
631,444200,2,SOL KEDI메가테크액티브,14465,5,-45,-0.31,14506.0,22.21,7185,103,87
632,468370,6,KODEX iShares미국인플레이션국채액티브,10515,2,40,0.38,10504.0,3.0496,3515,36,86
633,261110,7,TIGER 미국달러선물레버리지,14360,5,-20,-0.14,14378.0,7.7153,1952,27,86
634,269370,4,TIGER S&P글로벌인프라(합성),13135,2,200,1.55,13158.0,11.5759,256,3,85
635,438740,2,마이다스 KoreaStock중소형액티브,22740,5,-25,-0.11,22762.0,11.4838,598,13,85
636,477490,4,에셋플러스 글로벌일등기업포커스10액티브,10630,5,-5,-0.05,10623.0,,804,8,85
637,333960,2,ARIRANG KS모멘텀가중TR,15305,2,35,0.23,15319.0,11.0545,27,0,84
638,467540,1,KOSEF 코스닥글로벌,12010,5,-140,-1.15,12012.0,17.0633,53,0,84
639,461910,4,ARIRANG 미국테크10레버리지iSelect(합성),16760,3,0,0.0,16738.0,16.3081,220,3,84
640,478150,4,TIMEFOLIO 글로벌우주테크&방산액티브,10475,2,160,1.55,10492.0,,148628,1559,84
641,462340,4,에셋플러스 글로벌다이나믹시니어액티브,11625,2,70,0.61,11615.0,5.2367,100043,1158,84
642,333950,2,ARIRANG KS로우사이즈가중TR,16700,2,30,0.18,16688.0,3.8629,14,0,84
643,333970,2,ARIRANG KS밸류가중TR,16625,2,135,0.82,16634.0,1.7901,14,0,83
644,449680,7,TIGER 한중전기차(합성),8745,5,-75,-0.85,8778.0,7.4299,5,0,83
645,364690,1,KODEX 혁신기술테마액티브,13840,2,65,0.47,13870.0,10.8741,261,3,83
646,183710,7,KBSTAR 주식혼합,41495,5,-175,-0.42,41607.0,4.5146,8,0,83
647,139320,5,TIGER 금은선물(H),11035,2,155,1.42,11008.0,13.867,3720,40,83
648,428560,4,KODEX 미국ETF산업Top10 Indxx,13760,2,100,0.73,13826.0,0.3673,2900,39,83
649,424460,4,HANARO 글로벌워터MSCI(합성),13560,2,75,0.56,13564.0,14.1345,108,1,81
650,275290,2,KODEX MSCI밸류,11620,2,80,0.69,11622.0,-0.4658,928,10,81
651,419420,4,KODEX 미국클린에너지나스닥,6245,2,5,0.08,6304.0,0.8077,7086,44,81
652,456200,6,ARIRANG 미국달러SOFR금리액티브(합성),53960,2,75,0.14,53929.0,4.2767,1999,107,81
653,244620,2,KODEX 모멘텀Plus,13450,5,-30,-0.22,13462.0,15.6485,1603,21,81
654,322120,2,ACE 스마트퀄리티,16080,2,115,0.72,16042.0,5.6445,20,0,80
655,457930,2,BNK 미래전략기술액티브,10710,2,45,0.42,10766.0,6.8102,3,0,80
656,360150,2,KODEX 코스닥150롱코스피200숏선물,10015,5,-115,-1.14,10035.0,5.3562,80,0,80
657,337120,2,KODEX Fn멀티팩터,13195,2,70,0.53,13194.0,4.7402,15,0,79
658,432840,4,HANARO 미국S&P500,13190,2,5,0.04,13408.0,6.322,363,4,79
659,272220,2,ACE 스마트모멘텀,15825,2,140,0.89,15817.0,6.0872,510,8,79
660,346000,6,HANARO KAP초장기국고채,37760,2,195,0.52,37734.0,-1.1214,3942,149,79
661,411720,4,KBSTAR 글로벌메타버스Moorgate,13075,2,35,0.27,13121.0,9.9957,102,1,78
662,413930,2,WOORI AI ESG액티브,9705,2,65,0.67,9729.0,6.2844,1,0,78
663,253280,2,KBSTAR 헬스케어,14115,5,-40,-0.28,14115.0,11.0631,1134,16,78
664,261140,2,TIGER 우선주,12460,2,30,0.24,12466.0,5.0363,10337,128,77
665,333940,2,ARIRANG KS로우볼가중TR,13985,2,5,0.04,13972.0,2.2677,36,0,77
666,275280,2,KODEX MSCI모멘텀,12810,2,130,1.03,12810.0,11.1208,904,11,77
667,450190,4,KODEX 한중반도체(합성),12795,5,-145,-1.12,12816.0,17.3164,52,0,77
668,419650,4,ARIRANG 글로벌수소&차세대연료전지MV,4110,2,5,0.12,4116.0,-3.9767,19765,82,76
669,448100,1,WOORI 200,37940,2,235,0.62,37977.0,5.6014,889,33,76
670,469160,4,ACE 일본반도체,12645,5,-150,-1.17,12693.0,5.2653,2289,29,76
671,234310,2,KBSTAR V&S셀렉트밸류,15170,2,50,0.33,15187.0,6.9231,4,0,76
672,192720,2,파워 고배당저변동성,31485,2,210,0.67,31573.0,0.0928,191,6,76
673,333980,2,ARIRANG KS퀄리티가중TR,15080,2,20,0.13,15095.0,4.547,14,0,75
674,375270,7,KBSTAR 글로벌데이터센터리츠나스닥(합성),10755,2,315,3.02,10791.0,-1.0427,2253,24,75
675,269530,4,ARIRANG S&P글로벌인프라,15025,2,65,0.43,15224.0,12.5997,20614,309,75
676,331910,2,KOSEF Fn중소형,22030,2,180,0.82,22052.0,2.9058,418,9,75
677,270800,2,KBSTAR KQ고배당,12470,5,-70,-0.56,12473.0,2.3757,15,0,75
678,227570,2,TIGER 우량가치,11765,2,115,0.99,11784.0,-2.257,3034,35,74
679,237440,7,TIGER 경기방어채권혼합,9230,2,35,0.38,9239.0,1.7146,14599,134,74
680,380340,2,ACE Fn5G플러스,10490,5,-235,-2.19,10526.0,11.1283,1624,17,73
681,153270,1,KOSEF 코스피100,28095,2,155,0.55,28099.0,5.0691,41,1,73
682,404650,2,SOL KRX기후변화솔루션,12110,5,-115,-0.94,12156.0,4.3355,40,0,73
683,429740,7,ARIRANG K리츠Fn,7235,3,0,0.0,7242.0,7.7599,8494,61,72
684,457990,2,ARIRANG 태양광&ESS Fn,10305,5,-10,-0.1,10324.0,35.4385,6998,71,72
685,301400,1,ARIRANG 코스닥150,14385,5,-15,-0.1,14378.0,8.589,69,0,72
686,261060,2,TIGER 코스닥150IT,17120,3,0,0.0,16684.0,11.7128,1,0,72
687,157500,2,TIGER 증권,5190,2,185,3.7,5188.0,4.554,12444,64,72
688,460280,2,KOSEF Fn유전자혁신기술,9510,2,20,0.21,9514.0,8.7056,127,1,71
689,432600,6,KBSTAR 국채선물3년,53000,2,115,0.22,52943.0,0.0472,2,0,71
690,205720,4,ACE 일본TOPIX인버스(합성 H),2630,5,-20,-0.75,2645.0,-7.0176,53112,138,71
691,189400,4,ARIRANG 글로벌MSCI(합성 H),18195,2,30,0.17,18351.0,3.5928,103,1,71
692,435550,7,히어로즈 TDF2050액티브,12855,2,55,0.43,12861.0,6.2681,156,2,71
693,227830,1,ARIRANG 코스피,28275,2,75,0.27,28312.0,4.4908,33,0,71
694,373790,4,KOSEF 미국방어배당성장나스닥,14025,2,85,0.61,14166.0,6.7217,8662,121,70
695,305050,1,ACE 코스피,27980,2,65,0.23,28063.0,4.5936,2338,65,70
696,304670,6,KODEX 미국30년국채울트라선물인버스(H),11565,5,-85,-0.73,11583.0,5.4775,352,4,69
697,304760,1,HANARO KRX300,17305,2,185,1.08,17297.0,6.4544,43,0,69
698,251590,2,ARIRANG 고배당저변동50,12520,2,40,0.32,12525.0,2.7583,1179,14,69
699,166400,3,TIGER 200커버드콜5%OTM,13585,2,60,0.44,13596.0,6.7145,1361,18,68
700,117690,4,TIGER 차이나항셍25,15090,2,345,2.34,15223.0,25.3826,3278,49,68
701,322150,2,ACE 스마트하이베타,13575,2,120,0.89,13498.0,5.7035,10,0,68
702,438900,2,HANARO Fn K-푸드,9675,2,170,1.79,9674.0,9.165,19692,189,68
703,429990,7,SOL 한국형글로벌플랫폼&메타버스액티브,13535,2,45,0.33,13543.0,11.0013,109,1,68
704,252650,1,KODEX 200동일가중,11275,2,115,1.03,11289.0,3.756,8,0,68
705,226980,1,KODEX 200 중소형,13480,2,55,0.41,13493.0,11.4477,1168,15,67
706,440910,4,WOORI 미국우주항공방산,13425,2,165,1.24,13378.0,12.6593,2487,32,67
707,402460,2,HANARO Fn K-메타버스MZ,7410,2,95,1.3,7432.0,2.8254,5379,39,67
708,307510,2,TIGER 의료기기,14800,5,-125,-0.84,14868.0,9.2446,1976,29,67
709,279540,2,KODEX 최소변동성,11080,2,110,1.0,11082.0,5.5619,91,1,66
710,404470,2,HANARO KRX기후변화솔루션,12085,2,95,0.79,12093.0,3.6928,66,0,66
711,371130,4,ACE 베트남VN30선물블룸버그레버리지(H),11070,5,-110,-0.98,10998.0,3.6624,1927,21,66
712,176950,6,KODEX 국채선물10년인버스,55245,3,0,0.0,55179.0,2.0975,0,0,66
713,322130,2,ACE 스마트로우볼,16570,2,165,1.01,16503.0,4.5037,11,0,66
714,139290,2,TIGER 200 경기소비재,16520,5,-35,-0.21,16640.0,-0.4869,23,0,66
715,451150,4,에셋플러스 글로벌영에이지액티브,13195,2,40,0.3,13223.0,7.4316,35,0,66
716,292770,6,KODEX 국채선물3년인버스,54660,3,0,0.0,54654.0,1.4664,0,0,66
717,289250,2,TIGER MSCI KOREA ESG유니버설,10925,3,0,0.0,10954.0,5.474,0,0,66
718,319870,7,KBSTAR KRX300미국달러선물혼합,18620,2,50,0.27,18605.0,10.077,68,1,65
719,138920,5,KODEX 콩선물(H),12990,5,-205,-1.55,12933.0,2.4456,7974,103,65
720,225030,4,TIGER 미국S&P500선물인버스(H),3240,5,-25,-0.77,3234.0,-2.099,22710,73,65
721,252000,1,TIGER 200동일가중,11765,2,85,0.73,11769.0,4.5564,6,0,65
722,437370,4,KBSTAR 글로벌농업경제MV,9180,2,170,1.89,9144.0,5.6891,1250,11,64
723,307520,2,TIGER 지주회사,10650,2,165,1.57,10665.0,-3.0514,12194,129,64
724,225130,4,ACE 골드선물 레버리지(합성 H),21260,2,670,3.25,21378.0,24.5614,3408,72,64
725,253160,3,ARIRANG 200선물인버스2X,4095,5,-65,-1.56,4096.0,-9.9568,9088,37,63
726,435540,7,히어로즈 TDF2040액티브,12685,2,40,0.32,12731.0,5.7716,4109,52,63
727,298340,6,ARIRANG 국채선물3년,54370,3,0,0.0,54378.0,0.1565,0,0,63
728,415760,4,SOL 차이나육성산업액티브(합성),5720,5,-110,-1.89,5818.0,6.0964,3245,18,63
729,219900,4,ACE 중국본토CSI300레버리지(합성),2735,2,15,0.55,2764.0,23.356,3172,8,63
730,450120,2,KOSEF SK그룹대표주,12455,2,125,1.01,12474.0,5.1599,481,5,62
731,469530,3,KBSTAR 미국달러선물인버스,9570,2,15,0.16,9570.0,-2.7976,10,0,62
732,450180,7,KODEX 한중전기차(합성),8880,5,-70,-0.78,8989.0,6.4842,69,0,62
733,411860,4,KOSEF 독일DAX,12260,2,95,0.78,12272.0,10.8428,1458,17,61
734,226380,2,ACE Fn성장소비주도주,6120,2,105,1.75,6140.0,4.7909,1130,6,61
735,140580,2,KBSTAR 우량업종대표주,12195,2,215,1.79,12227.0,8.0349,531,6,61
736,426330,4,KOSEF 미국ETF산업STOXX,12190,2,5,0.04,12392.0,2.6537,3,0,61
737,403990,2,KBSTAR KRX기후변화솔루션,12105,2,60,0.5,12114.0,3.7735,14,0,61
738,476000,2,UNICORN 포스트IPO액티브,9300,5,-15,-0.16,9308.0,,515,4,60
739,143460,2,ACE 밸류대형,10060,2,110,1.11,10044.0,3.7106,11,0,60
740,435530,7,히어로즈 TDF2030액티브,12060,2,55,0.46,12065.0,4.6187,6,0,60
741,442560,7,KBSTAR TDF2040액티브,11960,2,35,0.29,11995.0,5.4376,2221,26,60
742,466810,2,BNK 2차전지양극재,7970,5,-45,-0.56,7987.0,-6.0376,4052,32,60
743,253230,3,KOSEF 200선물인버스2X,2025,5,-25,-1.22,2022.0,-10.2845,18953,38,60
744,316300,7,ACE 싱가포르리츠,11900,2,70,0.59,11938.0,-1.3756,158,1,60
745,438210,4,ARIRANG 글로벌인공지능산업MV,11860,5,-90,-0.75,11857.0,-3.0033,758,8,59
746,442550,7,KBSTAR TDF2030액티브,11680,2,40,0.34,11691.0,4.4883,635,7,58
747,429980,7,SOL 한국형글로벌전기차&2차전지액티브,10800,5,-30,-0.28,10841.0,10.375,1039,11,58
748,436180,2,ARIRANG K-유니콘투자기업액티브,10605,2,140,1.34,10606.0,-5.9833,17,0,58
749,459370,4,SOL 유럽탄소배출권선물인버스ICE(H),11620,5,-280,-2.35,11656.0,-18.3534,11854,137,58
750,371870,4,ACE 차이나항셍테크,5785,2,5,0.09,5831.0,28.3018,4675,27,58
751,373530,4,ARIRANG 신흥국MSCI인버스(합성 H),11125,3,0,0.0,11068.0,-5.6404,0,0,58
752,291890,4,KODEX MSCI EM선물(H),8260,2,35,0.43,8282.0,5.584,1236,10,58
753,442580,4,ARIRANG 글로벌D램반도체iSelect,19225,5,-190,-0.98,19288.0,22.0915,4690,90,58
754,228820,1,TIGER KTOP30,8850,2,55,0.63,8857.0,1.8529,966,8,58
755,280920,2,ARIRANG 주도업종,10440,2,115,1.11,10440.0,8.4217,24,0,57
756,105010,4,TIGER 라틴35,4730,3,0,0.0,4710.0,3.6144,4595,21,57
757,289670,6,ARIRANG 국채선물10년,52415,3,0,0.0,52519.0,-0.7574,0,0,57
758,314700,2,HANARO 농업융복합산업,10290,2,30,0.29,10323.0,-2.0899,243,2,57
759,275300,2,KODEX MSCI퀄리티,9380,2,5,0.05,9377.0,7.3514,1165,10,56
760,404120,2,TIMEFOLIO 탄소중립액티브,13910,2,175,1.27,13943.0,11.9396,93,1,56
761,227560,2,TIGER 200 생활소비재,8655,2,115,1.35,8650.0,10.0515,34506,301,55
762,367740,2,HANARO Fn5G산업,13645,5,-80,-0.58,13687.0,14.8343,830,11,55
763,261920,4,ACE 필리핀MSCI(합성),13560,2,60,0.44,13514.0,-4.5262,120,1,54
764,334690,5,KBSTAR 팔라듐선물(H),5115,2,80,1.59,5106.0,6.2236,799,4,54
765,390950,6,HANARO 단기채권액티브,106545,3,0,0.0,106557.0,0.7708,0,0,53
766,419170,4,HANARO 미국메타버스iSelect,13285,3,0,0.0,13219.0,0.0376,218,2,53
767,292750,1,ARIRANG KRX300,17710,2,35,0.2,17740.0,6.6365,109,1,53
768,407160,2,KCGI 테크미디어텔레콤액티브,9660,5,-85,-0.87,9679.0,13.051,277,2,53
769,437550,7,히어로즈 글로벌리츠이지스액티브,9630,5,-55,-0.57,9780.0,3.1746,40,0,53
770,277650,2,TIGER 코스피중형주,15100,2,15,0.1,15183.0,5.7038,28,0,53
771,105780,2,KBSTAR 5대그룹주,6535,2,65,1.0,6543.0,3.0747,22,0,52
772,402520,1,FOCUS 혁신기업액티브,8705,3,0,0.0,8756.0,9.6485,0,0,52
773,373490,2,KODEX K-이노베이션액티브,13030,2,25,0.19,13035.0,33.0162,2888,37,52
774,381570,2,HANARO Fn친환경에너지,8660,5,-120,-1.37,8681.0,0.3657,1634,14,52
775,280940,5,KODEX 골드선물인버스(H),6090,5,-90,-1.46,6082.0,-10.7582,3860,23,52
776,266390,2,KODEX 경기소비재,8520,2,120,1.43,8551.0,-1.9837,677,5,51
777,427110,2,KBSTAR Fn창업투자회사,7745,2,70,0.91,7737.0,7.4929,1106,8,51
778,445950,4,KOSEF 차이나A50커넥트인버스MSCI(합성 H),10205,5,-25,-0.24,9834.0,-7.0,1,0,51
779,394340,4,KOSEF 글로벌디지털경제,10170,2,100,0.99,10319.0,5.3347,7,0,51
780,428510,4,KODEX 차이나메타버스액티브,10150,3,0,0.0,10259.0,13.3445,231,2,51
781,454180,4,KOSEF 차이나내수소비TOP CSI,9005,2,95,1.07,9110.0,21.8045,7180,64,50
782,266550,2,ARIRANG 중형주저변동50,12125,2,130,1.08,12132.0,8.5618,14,0,49
783,391670,1,HK 베스트일레븐액티브,9650,2,30,0.31,9661.0,9.2561,1,0,48
784,433250,1,UNICORN R&D 액티브,11955,2,70,0.59,11987.0,4.9448,17,0,48
785,321410,7,KODEX 멀티에셋하이인컴(H),9540,2,25,0.26,9569.0,0.2106,10,0,48
786,277640,2,TIGER 코스피대형주,13580,2,55,0.41,13598.0,4.967,61,0,48
787,391680,1,HK 하이볼액티브,8535,3,0,0.0,8481.0,5.3703,0,0,47
788,227550,2,TIGER 200 산업재,6680,2,80,1.21,6704.0,5.8031,563,3,47
789,140570,2,KBSTAR 수출주,11650,2,80,0.69,11665.0,7.5478,49,0,47
790,461900,4,ARIRANG 미국테크10iSelect,13315,5,-55,-0.41,13425.0,8.6991,21,0,47
791,416090,4,ACE 중국과창판STAR50,5745,3,0,0.0,5742.0,5.6066,1958,11,46
792,476260,2,HANARO 반도체핵심공정주도주,10155,5,-275,-2.64,10148.0,,25430,258,46
793,413220,4,SOL 차이나태양광CSI(합성),4505,3,0,0.0,4543.0,2.5028,487,2,45
794,284980,2,KBSTAR 200금융,10705,2,320,3.08,10715.0,5.6244,3893,41,45
795,432850,4,HANARO 글로벌백신치료제MSCI,11165,2,50,0.45,11247.0,5.3454,18,0,45
796,281990,2,KBSTAR 중소형고배당,11120,2,85,0.77,11134.0,-1.9634,7838,86,44
797,244660,2,KODEX 퀄리티Plus,8770,3,0,0.0,8825.0,1.0601,0,0,44
798,285000,2,KBSTAR 200IT,15405,2,160,1.05,15436.0,9.4714,276,4,43
799,306520,3,HANARO 200선물인버스,9585,5,-45,-0.47,9566.0,-4.2744,79,0,43
800,238670,7,ARIRANG 스마트베타Quality채권혼합,10765,2,35,0.33,10767.0,0.1026,59,0,43
801,465620,4,ACE 미국빅테크TOP7 Plus인버스(합성),14255,5,-25,-0.18,14248.0,-11.8247,560,7,43
802,473380,2,HANARO K-메디테크,8545,5,-55,-0.64,8543.0,2.32,1153,9,43
803,295820,1,ARIRANG 200동일가중,10445,3,0,0.0,10524.0,3.827,0,0,42
804,429870,7,히어로즈 리츠이지스액티브,7485,5,-35,-0.47,7526.0,7.829,220,1,41
805,448510,4,HANARO 글로벌신재생에너지MSCI(합성),7480,2,30,0.4,7527.0,10.1256,489,3,41
806,291630,3,KOSEF 코스닥150선물레버리지,5695,5,-40,-0.7,5704.0,20.2306,19131,109,41
807,284990,2,KBSTAR 200에너지화학,8485,3,0,0.0,8497.0,-6.5838,200,1,41
808,445930,4,KOSEF 차이나A50커넥트레버리지MSCI(합성H),8145,5,-75,-0.91,8490.0,24.0754,403,3,41
809,291680,4,KBSTAR 차이나H선물인버스(H),11610,5,-290,-2.44,11629.0,-19.0477,2732,31,41
810,295000,6,KBSTAR 국채선물10년,51850,2,160,0.31,51806.0,-0.8726,33,1,40
811,427120,2,KBSTAR Fn플랫폼테마,6705,5,-70,-1.03,6705.0,-4.8456,238,1,40
812,256450,4,ARIRANG 심천차이넥스트(합성),8030,5,-30,-0.37,8080.0,11.7891,53,0,40
813,322410,2,HANARO 고배당,13075,2,160,1.24,13092.0,3.5851,921,12,39
814,407170,2,KCGI 스마트커머스액티브,7845,2,125,1.62,7847.0,10.8399,1340,10,39
815,215620,2,HK S&P코리아로우볼,12850,2,50,0.39,12885.0,-0.2572,1,0,39
816,147970,2,TIGER 모멘텀,27280,2,295,1.09,27344.0,13.3585,488,13,38
817,407300,2,HANARO Fn골프테마,5820,5,-35,-0.6,5856.0,-4.5485,83,0,38
818,139310,5,TIGER 금속선물(H),6260,2,25,0.4,6269.0,15.7845,1349,8,38
819,395760,2,ARIRANG ESG성장주액티브,8875,3,0,0.0,8877.0,8.0735,18,0,36
820,469790,2,KOSEF K-테크TOP10,11650,2,75,0.65,11661.0,5.8043,49,0,35
821,243890,2,TIGER 200에너지화학레버리지,6650,5,-75,-1.12,6648.0,-14.4403,20346,136,35
822,285010,2,KBSTAR 200중공업,13315,5,-145,-1.08,13322.0,28.2759,7109,95,35
823,098560,2,TIGER 방송통신,6915,2,35,0.51,6922.0,-5.2473,2870,19,35
824,220130,4,SOL 차이나강소기업CSI500(합성 H),4270,5,-40,-0.93,4308.0,6.6831,135,0,34
825,433880,7,ARIRANG TDF2060액티브,13015,2,50,0.39,12973.0,6.5762,1180,15,34
826,472490,4,HANARO 미국애그테크,11055,2,195,1.8,11143.0,9.4206,105,1,33
827,285020,2,KBSTAR 200철강소재,8705,2,25,0.29,8705.0,0.7428,216,1,33
828,291620,3,KOSEF 코스닥150선물인버스,6215,2,35,0.57,6209.0,-9.4506,4838,30,33
829,397420,6,KBSTAR 국채선물5년추종,49365,2,130,0.26,49320.0,-0.2027,3,0,33
830,426410,4,ARIRANG 미국대체투자Top10MV,16215,2,15,0.09,16486.0,7.7772,186,3,32
831,456100,6,HANARO 유로존국채25년플러스(합성 H),50535,5,-520,-1.02,50574.0,1.129,20,1,32
832,287300,2,KBSTAR 200건설,13250,2,55,0.42,13248.0,0.0454,1522,20,32
833,267500,6,KBSTAR 미국장기국채선물인버스2X(합성 H),10530,5,-5,-0.05,10608.0,5.72,46,0,32
834,334700,5,KBSTAR 팔라듐선물인버스(H),6200,5,-235,-3.65,6317.0,-9.874,67,0,31
835,275750,3,KBSTAR 코스닥150선물인버스,3550,2,15,0.42,3547.0,-9.359,482,1,30
836,306530,3,HANARO 코스닥150선물레버리지,11465,5,-90,-0.78,11468.0,20.2393,200,2,30
837,301410,3,ARIRANG 코스닥150선물인버스,5310,5,-5,-0.09,5355.0,-8.5985,4751,25,29
838,315270,2,TIGER 200커뮤니케이션서비스,17440,2,160,0.93,17467.0,-2.763,747,13,28
839,253240,3,KOSEF 200선물인버스,5345,5,-25,-0.47,5336.0,-4.4484,1171,6,28
840,473500,4,KOSEF 글로벌전력반도체,9195,2,110,1.21,9370.0,-2.1541,56839,521,28
841,391590,4,ACE 미국스팩&IPO INDXX,5500,3,0,0.0,5584.0,4.6622,654,3,28
842,415920,5,ARIRANG 글로벌희토류전략자원기업MV,5175,2,45,0.88,5331.0,0.9842,3526,18,26
843,145670,3,ACE 인버스,5130,5,-35,-0.68,5130.0,-4.3519,658,3,26
844,252720,2,KBSTAR 모멘텀밸류,16485,2,120,0.73,16527.0,5.275,400,6,25
845,433860,7,ARIRANG TDF2040액티브,11560,2,40,0.35,11663.0,2.995,1802,20,24
846,299070,6,ACE 국채선물10년인버스,113075,3,0,0.0,112930.0,2.1269,0,0,23
847,433850,7,ARIRANG TDF2030액티브,11285,2,40,0.36,11366.0,1.4891,69,0,23
848,433870,7,ARIRANG TDF2050액티브,12425,2,35,0.28,12392.0,5.4468,1862,23,22
849,299080,6,ACE 국채선물3년인버스,110220,3,0,0.0,110220.0,1.5291,0,0,22
850,267450,6,KBSTAR 미국장기국채선물인버스(H),10795,3,0,0.0,10914.0,2.9075,0,0,22
851,287310,2,KBSTAR 200경기소비재,10515,2,100,0.96,10541.0,-0.9322,9,0,21
852,412560,2,TIGER BBIG레버리지,2255,2,75,3.44,2259.0,-1.1338,1198,2,19
853,252730,2,KBSTAR 모멘텀로우볼,16220,2,190,1.19,16227.0,4.3619,6,0,16
854,287330,2,KBSTAR 200생활소비재,6570,2,110,1.7,6563.0,9.8826,8431,55,14
855,315480,2,KBSTAR 200커뮤니케이션서비스,10995,2,95,0.87,11012.0,-1.3039,5,0,13
856,287320,2,KBSTAR 200산업재,12595,2,175,1.41,12614.0,7.9343,25,0,10
